"","X","site","variable","period","unit","date_start","date_end","observation_count","Municipio","Población","Estación.tráfico","numData"
"197",197,"es1271a","pm10","day","ug.m-3","2005-01-01 00:00:00","2012-12-31 00:00:00",2516,"Gijón",271782,"ARGENTINA",412000
"198",198,"es1271a","pm10","hour","ug.m-3","2005-01-01 00:00:00","2012-12-31 23:00:00",59580,"Gijón",271782,"ARGENTINA",412000
"199",199,"es1271a","o3","day","ug.m-3","2002-01-01 00:00:00","2012-12-31 00:00:00",3992,"Gijón",271782,"ARGENTINA",412000
"200",200,"es1271a","o3","dymax","ug.m-3","2002-01-01 00:00:00","2012-12-31 00:00:00",3993,"Gijón",271782,"ARGENTINA",412000
"201",201,"es1271a","o3","hour","ug.m-3","2002-01-01 00:00:00","2012-12-31 23:00:00",95476,"Gijón",271782,"ARGENTINA",412000
"202",202,"es1271a","o3","hour8","ug.m-3","2002-01-01 00:00:00","2012-12-31 23:00:00",95685,"Gijón",271782,"ARGENTINA",412000
"203",203,"es1271a","no2","day","ug.m-3","2005-01-01 00:00:00","2012-12-31 00:00:00",2519,"Gijón",271782,"ARGENTINA",412000
"204",204,"es1271a","no2","hour","ug.m-3","2005-01-01 00:00:00","2012-12-31 23:00:00",59914,"Gijón",271782,"ARGENTINA",412000
"205",205,"es1271a","no","day","ug.m-3","2005-01-01 00:00:00","2012-12-31 00:00:00",2519,"Gijón",271782,"ARGENTINA",412000
"206",206,"es1271a","no","hour","ug.m-3","2005-01-01 00:00:00","2012-12-31 23:00:00",59626,"Gijón",271782,"ARGENTINA",412000
"167",167,"es1268a","pm10","day","ug.m-3","2005-01-01 00:00:00","2012-12-31 00:00:00",2552,"Oviedo",219687,"PLAZA DE TOROS",411148
"168",168,"es1268a","pm10","hour","ug.m-3","2005-01-01 00:00:00","2012-12-31 23:00:00",60808,"Oviedo",219687,"PLAZA DE TOROS",411148
"169",169,"es1268a","o3","day","ug.m-3","1997-01-01 00:00:00","2012-12-31 00:00:00",5445,"Oviedo",219687,"PLAZA DE TOROS",411148
"170",170,"es1268a","o3","dymax","ug.m-3","1997-01-01 00:00:00","2012-12-31 00:00:00",5446,"Oviedo",219687,"PLAZA DE TOROS",411148
"171",171,"es1268a","o3","hour","ug.m-3","1997-01-01 00:00:00","2012-12-31 23:00:00",129365,"Oviedo",219687,"PLAZA DE TOROS",411148
"172",172,"es1268a","o3","hour8","ug.m-3","1997-01-01 01:00:00","2012-12-31 23:00:00",130019,"Oviedo",219687,"PLAZA DE TOROS",411148
"173",173,"es1268a","no2","day","ug.m-3","1997-01-01 00:00:00","2012-12-31 00:00:00",3911,"Oviedo",219687,"PLAZA DE TOROS",411148
"174",174,"es1268a","no2","hour","ug.m-3","1997-01-01 00:00:00","2012-12-31 23:00:00",92331,"Oviedo",219687,"PLAZA DE TOROS",411148
"175",175,"es1268a","no","day","ug.m-3","2000-03-15 00:00:00","2012-12-31 00:00:00",3181,"Oviedo",219687,"PLAZA DE TOROS",411148
"176",176,"es1268a","no","hour","ug.m-3","2000-03-15 11:00:00","2012-12-31 23:00:00",75170,"Oviedo",219687,"PLAZA DE TOROS",411148
"364",364,"es1564a","pm10","day","ug.m-3","2001-01-02 00:00:00","2012-12-31 00:00:00",4359,"Alcobendas",117040,"Alcobendas",410969
"365",365,"es1564a","pm10","hour","ug.m-3","2001-01-02 09:00:00","2012-12-31 23:00:00",103336,"Alcobendas",117040,"Alcobendas",410969
"366",366,"es1564a","o3","day","ug.m-3","2001-01-01 00:00:00","2012-12-31 00:00:00",4367,"Alcobendas",117040,"Alcobendas",410969
"367",367,"es1564a","o3","dymax","ug.m-3","2001-01-01 00:00:00","2012-12-31 00:00:00",4369,"Alcobendas",117040,"Alcobendas",410969
"368",368,"es1564a","o3","hour","ug.m-3","2001-01-01 00:00:00","2012-12-31 23:00:00",103365,"Alcobendas",117040,"Alcobendas",410969
"369",369,"es1564a","o3","hour8","ug.m-3","2001-01-01 00:00:00","2012-12-31 23:00:00",104479,"Alcobendas",117040,"Alcobendas",410969
"370",370,"es1564a","no2","day","ug.m-3","2001-01-01 00:00:00","2012-12-31 00:00:00",4373,"Alcobendas",117040,"Alcobendas",410969
"371",371,"es1564a","no2","hour","ug.m-3","2001-01-01 00:00:00","2012-12-31 23:00:00",103884,"Alcobendas",117040,"Alcobendas",410969
"372",372,"es1564a","no","day","ug.m-3","2001-01-01 00:00:00","2012-12-31 00:00:00",4373,"Alcobendas",117040,"Alcobendas",410969
"373",373,"es1564a","no","hour","ug.m-3","2001-01-01 00:00:00","2012-12-31 23:00:00",103888,"Alcobendas",117040,"Alcobendas",410969
"374",374,"es1567a","pm10","day","ug.m-3","2001-01-02 00:00:00","2012-12-31 00:00:00",4374,"Leganés",189861,"Leganés",410504
"375",375,"es1567a","pm10","hour","ug.m-3","2001-01-02 12:00:00","2012-12-31 23:00:00",104307,"Leganés",189861,"Leganés",410504
"376",376,"es1567a","o3","day","ug.m-3","2001-01-01 00:00:00","2012-12-30 00:00:00",4376,"Leganés",189861,"Leganés",410504
"377",377,"es1567a","o3","dymax","ug.m-3","2001-01-01 00:00:00","2012-12-30 00:00:00",4378,"Leganés",189861,"Leganés",410504
"378",378,"es1567a","o3","hour","ug.m-3","2001-01-01 00:00:00","2012-12-30 01:00:00",103943,"Leganés",189861,"Leganés",410504
"379",379,"es1567a","o3","hour8","ug.m-3","2001-01-01 00:00:00","2012-12-30 08:00:00",104836,"Leganés",189861,"Leganés",410504
"380",380,"es1567a","no2","day","ug.m-3","2001-01-01 00:00:00","2012-12-30 00:00:00",4371,"Leganés",189861,"Leganés",410504
"381",381,"es1567a","no2","hour","ug.m-3","2001-01-01 00:00:00","2012-12-30 01:00:00",103906,"Leganés",189861,"Leganés",410504
"382",382,"es1567a","no","day","ug.m-3","2001-01-01 00:00:00","2012-12-30 00:00:00",4378,"Leganés",189861,"Leganés",410504
"383",383,"es1567a","no","hour","ug.m-3","2001-01-01 00:00:00","2012-12-30 01:00:00",104100,"Leganés",189861,"Leganés",410504
"20",20,"es0118a","pm10","day","ug.m-3","2005-01-01 00:00:00","2012-12-31 00:00:00",1456,"Madrid",3266128,"ESCUELAS AGUIRRE",410092
"21",21,"es0118a","pm10","hour","ug.m-3","2005-01-01 00:00:00","2012-12-31 22:00:00",34699,"Madrid",3266128,"ESCUELAS AGUIRRE",410092
"22",22,"es0118a","o3","day","ug.m-3","2002-11-19 00:00:00","2012-12-31 00:00:00",3686,"Madrid",3266128,"ESCUELAS AGUIRRE",410092
"23",23,"es0118a","o3","dymax","ug.m-3","2002-11-19 00:00:00","2012-12-31 00:00:00",3685,"Madrid",3266128,"ESCUELAS AGUIRRE",410092
"24",24,"es0118a","o3","hour","ug.m-3","2002-11-19 09:00:00","2012-12-31 22:00:00",87158,"Madrid",3266128,"ESCUELAS AGUIRRE",410092
"25",25,"es0118a","o3","hour8","ug.m-3","2002-11-19 09:00:00","2012-12-31 23:00:00",88185,"Madrid",3266128,"ESCUELAS AGUIRRE",410092
"26",26,"es0118a","no2","day","ug.m-3","2005-01-01 00:00:00","2012-12-31 00:00:00",1822,"Madrid",3266128,"ESCUELAS AGUIRRE",410092
"27",27,"es0118a","no2","hour","ug.m-3","2005-01-01 00:00:00","2012-12-31 22:00:00",43411,"Madrid",3266128,"ESCUELAS AGUIRRE",410092
"28",28,"es0118a","no","day","ug.m-3","2005-01-01 00:00:00","2012-12-31 00:00:00",1457,"Madrid",3266128,"ESCUELAS AGUIRRE",410092
"29",29,"es0118a","no","hour","ug.m-3","2005-01-01 00:00:00","2012-12-31 22:00:00",34687,"Madrid",3266128,"ESCUELAS AGUIRRE",410092
"350",350,"es1563a","pm10","day","ug.m-3","2001-01-02 00:00:00","2012-12-31 00:00:00",4366,"Alcalá de Henares",195649,"Alcalá de Henares",409545
"351",351,"es1563a","pm10","hour","ug.m-3","2001-01-02 16:00:00","2012-12-31 23:00:00",103545,"Alcalá de Henares",195649,"Alcalá de Henares",409545
"352",352,"es1563a","o3","day","ug.m-3","2001-01-01 00:00:00","2012-12-31 00:00:00",4372,"Alcalá de Henares",195649,"Alcalá de Henares",409545
"353",353,"es1563a","o3","dymax","ug.m-3","2001-01-01 00:00:00","2012-12-31 00:00:00",4374,"Alcalá de Henares",195649,"Alcalá de Henares",409545
"354",354,"es1563a","o3","hour","ug.m-3","2001-01-01 00:00:00","2012-12-31 23:00:00",103347,"Alcalá de Henares",195649,"Alcalá de Henares",409545
"355",355,"es1563a","o3","hour8","ug.m-3","2001-01-01 00:00:00","2012-12-31 23:00:00",104711,"Alcalá de Henares",195649,"Alcalá de Henares",409545
"356",356,"es1563a","o3","day","ug.m-3","2001-07-02 00:00:00","2001-12-31 00:00:00",183,"Alcalá de Henares",195649,"Alcalá de Henares",409545
"357",357,"es1563a","o3","dymax","ug.m-3","2001-07-02 00:00:00","2001-12-31 00:00:00",183,"Alcalá de Henares",195649,"Alcalá de Henares",409545
"358",358,"es1563a","o3","hour","ug.m-3","2001-07-02 16:00:00","2001-12-31 23:00:00",4312,"Alcalá de Henares",195649,"Alcalá de Henares",409545
"359",359,"es1563a","o3","hour8","ug.m-3","2001-07-02 16:00:00","2001-12-31 23:00:00",4349,"Alcalá de Henares",195649,"Alcalá de Henares",409545
"360",360,"es1563a","no2","day","ug.m-3","2001-01-01 00:00:00","2012-12-31 00:00:00",4371,"Alcalá de Henares",195649,"Alcalá de Henares",409545
"361",361,"es1563a","no2","hour","ug.m-3","2001-01-01 00:00:00","2012-12-31 23:00:00",103707,"Alcalá de Henares",195649,"Alcalá de Henares",409545
"362",362,"es1563a","no","day","ug.m-3","2001-01-01 00:00:00","2012-12-31 00:00:00",4371,"Alcalá de Henares",195649,"Alcalá de Henares",409545
"363",363,"es1563a","no","hour","ug.m-3","2001-01-01 00:00:00","2012-12-31 23:00:00",103741,"Alcalá de Henares",195649,"Alcalá de Henares",409545
"187",187,"es1270a","pm10","day","ug.m-3","2005-01-01 00:00:00","2012-12-31 00:00:00",2523,"Gijón",271780,"Hermanos Felgueroso",409495
"188",188,"es1270a","pm10","hour","ug.m-3","2005-01-01 00:00:00","2012-12-31 23:00:00",59395,"Gijón",271780,"Hermanos Felgueroso",409495
"189",189,"es1270a","o3","day","ug.m-3","2002-01-01 00:00:00","2012-12-31 00:00:00",3974,"Gijón",271780,"Hermanos Felgueroso",409495
"190",190,"es1270a","o3","dymax","ug.m-3","2002-01-02 00:00:00","2012-12-31 00:00:00",3970,"Gijón",271780,"Hermanos Felgueroso",409495
"191",191,"es1270a","o3","hour","ug.m-3","2002-01-01 00:00:00","2012-12-31 23:00:00",94084,"Gijón",271780,"Hermanos Felgueroso",409495
"192",192,"es1270a","o3","hour8","ug.m-3","2002-01-01 00:00:00","2012-12-31 23:00:00",94661,"Gijón",271780,"Hermanos Felgueroso",409495
"193",193,"es1270a","no2","day","ug.m-3","2005-01-01 00:00:00","2012-12-31 00:00:00",2547,"Gijón",271780,"Hermanos Felgueroso",409495
"194",194,"es1270a","no2","hour","ug.m-3","2005-01-01 00:00:00","2012-12-31 23:00:00",60056,"Gijón",271780,"Hermanos Felgueroso",409495
"195",195,"es1270a","no","day","ug.m-3","2005-01-01 00:00:00","2012-12-31 00:00:00",2547,"Gijón",271780,"Hermanos Felgueroso",409495
"196",196,"es1270a","no","hour","ug.m-3","2005-01-01 00:00:00","2012-12-31 23:00:00",60054,"Gijón",271780,"Hermanos Felgueroso",409495
"177",177,"es1269a","pm10","day","ug.m-3","2005-01-01 00:00:00","2012-12-31 00:00:00",2512,"Oviedo",219686,"Palacio de Deportes",408337
"178",178,"es1269a","pm10","hour","ug.m-3","2005-01-01 00:00:00","2012-12-31 23:00:00",59547,"Oviedo",219686,"Palacio de Deportes",408337
"179",179,"es1269a","o3","day","ug.m-3","2002-01-01 00:00:00","2012-12-31 00:00:00",3983,"Oviedo",219686,"Palacio de Deportes",408337
"180",180,"es1269a","o3","dymax","ug.m-3","2002-01-01 00:00:00","2012-12-31 00:00:00",3992,"Oviedo",219686,"Palacio de Deportes",408337
"181",181,"es1269a","o3","hour","ug.m-3","2002-01-01 00:00:00","2012-12-31 23:00:00",94888,"Oviedo",219686,"Palacio de Deportes",408337
"182",182,"es1269a","o3","hour8","ug.m-3","2002-01-01 00:00:00","2012-12-31 23:00:00",95311,"Oviedo",219686,"Palacio de Deportes",408337
"183",183,"es1269a","no2","day","ug.m-3","2005-01-01 00:00:00","2012-12-31 00:00:00",2523,"Oviedo",219686,"Palacio de Deportes",408337
"184",184,"es1269a","no2","hour","ug.m-3","2005-01-01 00:00:00","2012-12-31 23:00:00",59634,"Oviedo",219686,"Palacio de Deportes",408337
"185",185,"es1269a","no","day","ug.m-3","2005-01-01 00:00:00","2012-12-31 00:00:00",2523,"Oviedo",219686,"Palacio de Deportes",408337
"186",186,"es1269a","no","hour","ug.m-3","2005-01-01 00:00:00","2012-12-31 23:00:00",59616,"Oviedo",219686,"Palacio de Deportes",408337
"207",207,"es1272a","pm10","day","ug.m-3","2005-01-01 00:00:00","2012-12-31 00:00:00",2539,"Gijón",271781,"CONSTITUCIÓN",407017
"208",208,"es1272a","pm10","hour","ug.m-3","2005-01-01 00:00:00","2012-12-31 23:00:00",60111,"Gijón",271781,"CONSTITUCIÓN",407017
"209",209,"es1272a","o3","day","ug.m-3","2002-01-01 00:00:00","2012-12-31 00:00:00",3977,"Gijón",271781,"CONSTITUCIÓN",407017
"210",210,"es1272a","o3","dymax","ug.m-3","2002-01-01 00:00:00","2012-12-31 00:00:00",3980,"Gijón",271781,"CONSTITUCIÓN",407017
"211",211,"es1272a","o3","hour","ug.m-3","2002-01-01 00:00:00","2012-12-31 23:00:00",94499,"Gijón",271781,"CONSTITUCIÓN",407017
"212",212,"es1272a","o3","hour8","ug.m-3","2002-01-01 00:00:00","2012-12-31 23:00:00",94999,"Gijón",271781,"CONSTITUCIÓN",407017
"213",213,"es1272a","no2","day","ug.m-3","2005-01-01 00:00:00","2012-12-31 00:00:00",2536,"Gijón",271781,"CONSTITUCIÓN",407017
"214",214,"es1272a","no2","hour","ug.m-3","2005-01-01 00:00:00","2012-12-31 23:00:00",60209,"Gijón",271781,"CONSTITUCIÓN",407017
"215",215,"es1272a","no","day","ug.m-3","2005-01-01 00:00:00","2012-12-31 00:00:00",2536,"Gijón",271781,"CONSTITUCIÓN",407017
"216",216,"es1272a","no","hour","ug.m-3","2005-01-01 00:00:00","2012-12-31 23:00:00",60212,"Gijón",271781,"CONSTITUCIÓN",407017
"69",69,"es1047a","pm10","day","ug.m-3","1997-01-01 00:00:00","2012-12-31 00:00:00",5703,"Zaragoza",674998,"ROGER DE FLOR",397325
"70",70,"es1047a","pm10","hour","ug.m-3","1997-01-01 00:00:00","2012-12-31 22:00:00",134234,"Zaragoza",674998,"ROGER DE FLOR",397325
"71",71,"es1047a","o3","day","ug.m-3","1997-01-01 00:00:00","2012-12-31 00:00:00",5404,"Zaragoza",674998,"ROGER DE FLOR",397325
"72",72,"es1047a","o3","dymax","ug.m-3","1997-01-01 00:00:00","2012-12-31 00:00:00",5389,"Zaragoza",674998,"ROGER DE FLOR",397325
"73",73,"es1047a","o3","hour","ug.m-3","1997-01-01 00:00:00","2012-12-31 22:00:00",127533,"Zaragoza",674998,"ROGER DE FLOR",397325
"74",74,"es1047a","o3","hour8","ug.m-3","1997-01-01 00:00:00","2012-12-31 23:00:00",128550,"Zaragoza",674998,"ROGER DE FLOR",397325
"75",75,"es1047a","no2","day","ug.m-3","1997-01-01 00:00:00","2012-12-31 00:00:00",5332,"Zaragoza",674998,"ROGER DE FLOR",397325
"76",76,"es1047a","no2","hour","ug.m-3","1997-01-01 00:00:00","2012-12-31 22:00:00",126616,"Zaragoza",674998,"ROGER DE FLOR",397325
"77",77,"es1096a","pm10","day","ug.m-3","2008-01-01 00:00:00","2012-12-31 00:00:00",1815,"Ourense",105233,"GOMEZ FRANQUEIRA",397283
"78",78,"es1096a","pm10","hour","ug.m-3","2008-01-01 00:00:00","2012-12-31 22:00:00",42811,"Ourense",105233,"GOMEZ FRANQUEIRA",397283
"79",79,"es1096a","o3","day","ug.m-3","2005-08-01 00:00:00","2012-12-31 00:00:00",2497,"Ourense",105233,"GOMEZ FRANQUEIRA",397283
"80",80,"es1096a","o3","dymax","ug.m-3","2005-08-01 00:00:00","2012-12-31 00:00:00",2488,"Ourense",105233,"GOMEZ FRANQUEIRA",397283
"81",81,"es1096a","o3","hour","ug.m-3","2005-08-01 08:00:00","2012-12-31 22:00:00",57913,"Ourense",105233,"GOMEZ FRANQUEIRA",397283
"82",82,"es1096a","o3","hour8","ug.m-3","2005-08-01 08:00:00","2012-12-31 23:00:00",58945,"Ourense",105233,"GOMEZ FRANQUEIRA",397283
"83",83,"es1096a","no2","day","ug.m-3","2005-09-05 00:00:00","2012-12-31 00:00:00",2430,"Ourense",105233,"GOMEZ FRANQUEIRA",397283
"84",84,"es1096a","no2","hour","ug.m-3","2005-09-05 23:00:00","2012-12-31 22:00:00",55681,"Ourense",105233,"GOMEZ FRANQUEIRA",397283
"85",85,"es1096a","no","day","ug.m-3","2006-01-01 00:00:00","2012-12-31 00:00:00",1925,"Ourense",105233,"GOMEZ FRANQUEIRA",397283
"86",86,"es1096a","no","hour","ug.m-3","2006-01-01 01:00:00","2012-12-31 22:00:00",44166,"Ourense",105233,"GOMEZ FRANQUEIRA",397283
"87",87,"es1096a","no","day","ug.m-3","2005-09-05 00:00:00","2005-12-31 00:00:00",118,"Ourense",105233,"GOMEZ FRANQUEIRA",397283
"88",88,"es1096a","no","hour","ug.m-3","2005-09-05 23:00:00","2005-12-31 21:00:00",2552,"Ourense",105233,"GOMEZ FRANQUEIRA",397283
"441",441,"es1632a","pm10","day","ug.m-3","2005-01-01 00:00:00","2012-12-31 00:00:00",2907,"Valladolid",298414,"VEGA SICILIA",390715
"442",442,"es1632a","pm10","hour","ug.m-3","2005-01-01 00:00:00","2012-12-31 23:00:00",69018,"Valladolid",298414,"VEGA SICILIA",390715
"443",443,"es1632a","o3","day","ug.m-3","2002-05-06 00:00:00","2012-12-31 00:00:00",3836,"Valladolid",298414,"VEGA SICILIA",390715
"444",444,"es1632a","o3","dymax","ug.m-3","2002-05-06 00:00:00","2012-12-31 00:00:00",3836,"Valladolid",298414,"VEGA SICILIA",390715
"445",445,"es1632a","o3","hour","ug.m-3","2002-05-06 12:00:00","2012-12-31 23:00:00",91277,"Valladolid",298414,"VEGA SICILIA",390715
"446",446,"es1632a","o3","hour8","ug.m-3","2002-05-06 12:00:00","2012-12-31 23:00:00",91724,"Valladolid",298414,"VEGA SICILIA",390715
"447",447,"es1632a","no2","day","ug.m-3","2005-01-01 00:00:00","2012-12-31 00:00:00",2286,"Valladolid",298414,"VEGA SICILIA",390715
"448",448,"es1632a","no2","hour","ug.m-3","2005-01-01 00:00:00","2012-12-31 23:00:00",53303,"Valladolid",298414,"VEGA SICILIA",390715
"449",449,"es1632a","no","day","ug.m-3","2005-01-01 00:00:00","2012-12-31 00:00:00",2285,"Valladolid",298414,"VEGA SICILIA",390715
"450",450,"es1632a","no","hour","ug.m-3","2005-01-01 00:00:00","2012-12-31 23:00:00",53258,"Valladolid",298414,"VEGA SICILIA",390715
"89",89,"es1137a","pm10","day","ug.m-3","2007-07-02 00:00:00","2012-12-31 00:00:00",1786,"Vigo",295364,"Arenal",387661
"90",90,"es1137a","pm10","hour","ug.m-3","2007-07-02 01:00:00","2012-12-31 22:00:00",41063,"Vigo",295364,"Arenal",387661
"91",91,"es1137a","o3","day","ug.m-3","2005-06-30 00:00:00","2012-12-31 00:00:00",2419,"Vigo",295364,"Arenal",387661
"92",92,"es1137a","o3","dymax","ug.m-3","2005-07-01 00:00:00","2012-12-31 00:00:00",2408,"Vigo",295364,"Arenal",387661
"93",93,"es1137a","o3","hour","ug.m-3","2005-06-30 22:00:00","2012-12-31 22:00:00",55984,"Vigo",295364,"Arenal",387661
"94",94,"es1137a","o3","hour8","ug.m-3","2005-06-30 22:00:00","2012-12-31 23:00:00",56940,"Vigo",295364,"Arenal",387661
"95",95,"es1137a","no2","day","ug.m-3","2005-06-30 00:00:00","2012-12-31 00:00:00",2348,"Vigo",295364,"Arenal",387661
"96",96,"es1137a","no2","hour","ug.m-3","2005-06-30 22:00:00","2012-12-31 22:00:00",54364,"Vigo",295364,"Arenal",387661
"97",97,"es1137a","no","day","ug.m-3","2006-01-01 00:00:00","2012-12-31 00:00:00",1882,"Vigo",295364,"Arenal",387661
"98",98,"es1137a","no","hour","ug.m-3","2006-01-01 00:00:00","2012-12-31 22:00:00",43491,"Vigo",295364,"Arenal",387661
"99",99,"es1137a","no","day","ug.m-3","2005-06-30 00:00:00","2005-12-31 00:00:00",157,"Vigo",295364,"Arenal",387661
"100",100,"es1137a","no","hour","ug.m-3","2005-06-30 22:00:00","2005-12-31 21:00:00",3711,"Vigo",295364,"Arenal",387661
"227",227,"es1358a","pm10","day","ug.m-3","2001-01-01 00:00:00","2012-12-31 00:00:00",3998,"Gijón",271783,"AVENIDA DE CASTILLA",360788
"228",228,"es1358a","pm10","hour","ug.m-3","2001-01-01 00:00:00","2012-12-31 23:00:00",94577,"Gijón",271783,"AVENIDA DE CASTILLA",360788
"229",229,"es1358a","o3","day","ug.m-3","1997-01-01 00:00:00","2012-12-31 00:00:00",5190,"Gijón",271783,"AVENIDA DE CASTILLA",360788
"230",230,"es1358a","o3","dymax","ug.m-3","1997-01-01 00:00:00","2012-12-31 00:00:00",5188,"Gijón",271783,"AVENIDA DE CASTILLA",360788
"231",231,"es1358a","o3","hour","ug.m-3","1997-01-01 00:00:00","2012-12-31 23:00:00",122968,"Gijón",271783,"AVENIDA DE CASTILLA",360788
"232",232,"es1358a","o3","hour8","ug.m-3","1997-01-01 01:00:00","2012-12-31 23:00:00",123861,"Gijón",271783,"AVENIDA DE CASTILLA",360788
"233",233,"es1358a","no2","day","ug.m-3","1997-01-01 00:00:00","2012-12-31 00:00:00",5202,"Gijón",271783,"AVENIDA DE CASTILLA",360788
"234",234,"es1358a","no2","hour","ug.m-3","1997-01-01 00:00:00","2012-12-31 23:00:00",122492,"Gijón",271783,"AVENIDA DE CASTILLA",360788
"235",235,"es1358a","no","day","ug.m-3","2000-01-01 00:00:00","2012-12-31 00:00:00",4396,"Gijón",271783,"AVENIDA DE CASTILLA",360788
"236",236,"es1358a","no","hour","ug.m-3","2000-01-01 00:00:00","2012-12-31 23:00:00",103860,"Gijón",271783,"AVENIDA DE CASTILLA",360788
"404",404,"es1610a","pm10","day","ug.m-3","2001-10-12 00:00:00","2012-12-31 00:00:00",2975,"Palma",416065,"Foners",352851
"405",405,"es1610a","pm10","hour","ug.m-3","2001-10-12 00:00:00","2012-12-31 23:00:00",68917,"Palma",416065,"Foners",352851
"406",406,"es1610a","o3","day","ug.m-3","2001-11-07 00:00:00","2012-12-31 00:00:00",3558,"Palma",416065,"Foners",352851
"407",407,"es1610a","o3","dymax","ug.m-3","2001-11-07 00:00:00","2012-12-31 00:00:00",3576,"Palma",416065,"Foners",352851
"408",408,"es1610a","o3","hour","ug.m-3","2001-11-07 10:00:00","2012-12-31 23:00:00",82925,"Palma",416065,"Foners",352851
"409",409,"es1610a","o3","hour8","ug.m-3","2001-11-07 10:00:00","2012-12-31 23:00:00",84591,"Palma",416065,"Foners",352851
"410",410,"es1610a","no2","day","ug.m-3","2001-10-08 00:00:00","2012-12-31 00:00:00",3598,"Palma",416065,"Foners",352851
"411",411,"es1610a","no2","hour","ug.m-3","2001-10-08 00:00:00","2012-12-31 23:00:00",83930,"Palma",416065,"Foners",352851
"412",412,"es1610a","no","day","ug.m-3","2001-10-08 00:00:00","2012-12-31 00:00:00",3612,"Palma",416065,"Foners",352851
"413",413,"es1610a","no","hour","ug.m-3","2001-10-08 00:00:00","2012-12-31 23:00:00",84178,"Palma",416065,"Foners",352851
"138",138,"es1239a","pm10","day","ug.m-3","2009-10-16 00:00:00","2012-12-31 00:00:00",1135,"Valencia",794288,"Pista de Silla",349835
"139",139,"es1239a","pm10","hour","ug.m-3","2009-10-16 06:00:00","2012-12-31 23:00:00",26993,"Valencia",794288,"Pista de Silla",349835
"140",140,"es1239a","o3","day","ug.m-3","1997-01-01 00:00:00","2012-12-31 00:00:00",5357,"Valencia",794288,"Pista de Silla",349835
"141",141,"es1239a","o3","dymax","ug.m-3","1997-01-01 00:00:00","2012-12-31 00:00:00",5357,"Valencia",794288,"Pista de Silla",349835
"142",142,"es1239a","o3","hour","ug.m-3","1997-01-01 01:00:00","2012-12-31 23:00:00",124092,"Valencia",794288,"Pista de Silla",349835
"143",143,"es1239a","o3","hour8","ug.m-3","1997-01-01 01:00:00","2012-12-31 23:00:00",126969,"Valencia",794288,"Pista de Silla",349835
"144",144,"es1239a","no2","day","ug.m-3","1997-01-01 00:00:00","2012-12-31 00:00:00",5422,"Valencia",794288,"Pista de Silla",349835
"145",145,"es1239a","no2","hour","ug.m-3","1997-01-01 01:00:00","2012-12-31 23:00:00",124488,"Valencia",794288,"Pista de Silla",349835
"146",146,"es1239a","no","day","ug.m-3","2000-01-01 00:00:00","2012-12-31 00:00:00",4332,"Valencia",794288,"Pista de Silla",349835
"147",147,"es1239a","no","hour","ug.m-3","2000-01-01 01:00:00","2012-12-31 23:00:00",99254,"Valencia",794288,"Pista de Silla",349835
"384",384,"es1573a","pm10","day","ug.m-3","2001-01-02 00:00:00","2012-12-31 00:00:00",4108,"Las Palmas de Gran Canaria",379925,"Mercado Central",347128
"385",385,"es1573a","pm10","hour","ug.m-3","2001-01-02 11:00:00","2012-12-31 23:00:00",96496,"Las Palmas de Gran Canaria",379925,"Mercado Central",347128
"386",386,"es1573a","o3","day","ug.m-3","2001-01-01 00:00:00","2012-12-31 00:00:00",4174,"Las Palmas de Gran Canaria",379925,"Mercado Central",347128
"387",387,"es1573a","o3","dymax","ug.m-3","2001-01-01 00:00:00","2012-12-31 00:00:00",4179,"Las Palmas de Gran Canaria",379925,"Mercado Central",347128
"388",388,"es1573a","o3","hour","ug.m-3","2001-01-01 00:00:00","2012-12-31 22:00:00",97869,"Las Palmas de Gran Canaria",379925,"Mercado Central",347128
"389",389,"es1573a","o3","hour8","ug.m-3","2001-01-01 00:00:00","2012-12-31 23:00:00",99327,"Las Palmas de Gran Canaria",379925,"Mercado Central",347128
"390",390,"es1573a","no2","day","ug.m-3","2001-01-01 00:00:00","2012-12-31 00:00:00",3971,"Las Palmas de Gran Canaria",379925,"Mercado Central",347128
"391",391,"es1573a","no2","hour","ug.m-3","2001-01-01 00:00:00","2012-12-31 23:00:00",93259,"Las Palmas de Gran Canaria",379925,"Mercado Central",347128
"392",392,"es1573a","no","day","ug.m-3","2001-01-01 00:00:00","2012-12-31 00:00:00",4175,"Las Palmas de Gran Canaria",379925,"Mercado Central",347128
"393",393,"es1573a","no","hour","ug.m-3","2001-01-01 00:00:00","2012-12-31 23:00:00",98116,"Las Palmas de Gran Canaria",379925,"Mercado Central",347128
"466",466,"es1697a","pm10","day","ug.m-3","2005-01-01 00:00:00","2011-12-31 00:00:00",2230,"San Sebastián",187417,"AVENIDA TOLOSA",345797
"467",467,"es1697a","pm10","hour","ug.m-3","2005-01-01 00:00:00","2011-12-31 23:00:00",52123,"San Sebastián",187417,"AVENIDA TOLOSA",345797
"468",468,"es1697a","o3","day","ug.m-3","2004-02-25 00:00:00","2012-12-31 00:00:00",3197,"San Sebastián",187417,"AVENIDA TOLOSA",345797
"469",469,"es1697a","o3","dymax","ug.m-3","2004-02-25 00:00:00","2012-12-31 00:00:00",3198,"San Sebastián",187417,"AVENIDA TOLOSA",345797
"470",470,"es1697a","o3","hour","ug.m-3","2004-02-25 16:00:00","2012-12-31 23:00:00",72930,"San Sebastián",187417,"AVENIDA TOLOSA",345797
"471",471,"es1697a","o3","hour8","ug.m-3","2004-02-25 16:00:00","2012-12-31 23:00:00",76568,"San Sebastián",187417,"AVENIDA TOLOSA",345797
"472",472,"es1697a","no2","day","ug.m-3","2005-01-01 00:00:00","2012-12-31 00:00:00",2842,"San Sebastián",187417,"AVENIDA TOLOSA",345797
"473",473,"es1697a","no2","hour","ug.m-3","2005-01-01 00:00:00","2012-12-31 23:00:00",67521,"San Sebastián",187417,"AVENIDA TOLOSA",345797
"474",474,"es1697a","no","day","ug.m-3","2005-01-01 00:00:00","2012-12-31 00:00:00",2842,"San Sebastián",187417,"AVENIDA TOLOSA",345797
"475",475,"es1697a","no","hour","ug.m-3","2005-01-01 00:00:00","2012-12-31 23:00:00",67521,"San Sebastián",187417,"AVENIDA TOLOSA",345797
"119",119,"es1181a","pm10","day","ug.m-3","2009-01-01 00:00:00","2009-12-29 00:00:00",341,"Valencia",24760,"QUART DE POBLET",341045
"120",120,"es1181a","pm10","hour","ug.m-3","2009-01-01 00:00:00","2009-12-29 02:00:00",7919,"Valencia",24760,"QUART DE POBLET",341045
"121",121,"es1181a","o3","day","ug.m-3","1997-01-01 00:00:00","2012-12-31 00:00:00",5494,"Valencia",24760,"QUART DE POBLET",341045
"122",122,"es1181a","o3","dymax","ug.m-3","1997-01-01 00:00:00","2012-12-31 00:00:00",5495,"Valencia",24760,"QUART DE POBLET",341045
"123",123,"es1181a","o3","hour","ug.m-3","1997-01-01 01:00:00","2012-12-31 23:00:00",129247,"Valencia",24760,"QUART DE POBLET",341045
"124",124,"es1181a","o3","hour8","ug.m-3","1997-01-01 01:00:00","2012-12-31 23:00:00",130819,"Valencia",24760,"QUART DE POBLET",341045
"125",125,"es1181a","no2","day","ug.m-3","1997-01-01 00:00:00","2012-12-31 00:00:00",5313,"Valencia",24760,"QUART DE POBLET",341045
"126",126,"es1181a","no2","hour","ug.m-3","1997-01-01 01:00:00","2012-12-31 23:00:00",122329,"Valencia",24760,"QUART DE POBLET",341045
"127",127,"es1181a","no","day","ug.m-3","2000-01-01 00:00:00","2012-12-31 00:00:00",4219,"Valencia",24760,"QUART DE POBLET",341045
"128",128,"es1181a","no","hour","ug.m-3","2000-01-01 01:00:00","2012-12-31 23:00:00",96596,"Valencia",24760,"QUART DE POBLET",341045
"507",507,"es1912a","pm10","day","ug.m-3","2009-11-12 00:00:00","2009-12-31 00:00:00",50,"Valencia",794289,"VALÈNCIA - AVD. FRANCIA",321468
"508",508,"es1912a","pm10","hour","ug.m-3","2009-11-12 00:00:00","2009-12-31 23:00:00",1189,"Valencia",794289,"VALÈNCIA - AVD. FRANCIA",321468
"509",509,"es1912a","o3","day","ug.m-3","2009-01-01 00:00:00","2012-12-31 00:00:00",1444,"Valencia",794289,"VALÈNCIA - AVD. FRANCIA",321468
"510",510,"es1912a","o3","dymax","ug.m-3","2009-01-01 00:00:00","2012-12-31 00:00:00",1445,"Valencia",794289,"VALÈNCIA - AVD. FRANCIA",321468
"511",511,"es1912a","o3","hour","ug.m-3","2009-01-01 00:00:00","2012-12-31 23:00:00",34409,"Valencia",794289,"VALÈNCIA - AVD. FRANCIA",321468
"512",512,"es1912a","o3","hour8","ug.m-3","2009-01-01 00:00:00","2012-12-31 23:00:00",34559,"Valencia",794289,"VALÈNCIA - AVD. FRANCIA",321468
"513",513,"es1912a","no2","day","ug.m-3","2009-01-01 00:00:00","2012-12-31 00:00:00",1319,"Valencia",794289,"VALÈNCIA - AVD. FRANCIA",321468
"514",514,"es1912a","no2","hour","ug.m-3","2009-01-01 00:00:00","2012-12-31 23:00:00",29687,"Valencia",794289,"VALÈNCIA - AVD. FRANCIA",321468
"515",515,"es1912a","no","day","ug.m-3","2009-01-01 00:00:00","2012-12-31 00:00:00",1319,"Valencia",794289,"VALÈNCIA - AVD. FRANCIA",321468
"516",516,"es1912a","no","hour","ug.m-3","2009-01-01 00:00:00","2012-12-31 23:00:00",29688,"Valencia",794289,"VALÈNCIA - AVD. FRANCIA",321468
"320",320,"es1521a","pm10","day","ug.m-3","2002-01-01 00:00:00","2009-12-30 00:00:00",2782,"Madrid",3266131,"BARRIO DEL PILAR",319616
"321",321,"es1521a","pm10","hour","ug.m-3","2002-01-01 00:00:00","2009-12-30 15:00:00",66014,"Madrid",3266131,"BARRIO DEL PILAR",319616
"322",322,"es1521a","o3","day","ug.m-3","2002-01-01 00:00:00","2012-12-31 00:00:00",3890,"Madrid",3266131,"BARRIO DEL PILAR",319616
"323",323,"es1521a","o3","dymax","ug.m-3","2002-01-01 00:00:00","2012-12-31 00:00:00",3887,"Madrid",3266131,"BARRIO DEL PILAR",319616
"324",324,"es1521a","o3","hour","ug.m-3","2002-01-01 00:00:00","2012-12-31 22:00:00",91703,"Madrid",3266131,"BARRIO DEL PILAR",319616
"325",325,"es1521a","o3","hour8","ug.m-3","2002-01-01 00:00:00","2012-12-31 23:00:00",93162,"Madrid",3266131,"BARRIO DEL PILAR",319616
"326",326,"es1521a","no2","day","ug.m-3","2002-01-01 00:00:00","2012-12-31 00:00:00",3890,"Madrid",3266131,"BARRIO DEL PILAR",319616
"327",327,"es1521a","no2","hour","ug.m-3","2002-01-01 00:00:00","2012-12-31 22:00:00",92984,"Madrid",3266131,"BARRIO DEL PILAR",319616
"328",328,"es1521a","no","day","ug.m-3","2002-01-01 00:00:00","2012-12-31 00:00:00",3890,"Madrid",3266131,"BARRIO DEL PILAR",319616
"329",329,"es1521a","no","hour","ug.m-3","2002-01-01 00:00:00","2012-12-31 22:00:00",92983,"Madrid",3266131,"BARRIO DEL PILAR",319616
"237",237,"es1393a","pm10","day","ug.m-3","2005-01-01 00:00:00","2009-12-30 00:00:00",732,"Almería",198533,"MEDITERRÁNEO",308730
"238",238,"es1393a","pm10","hour","ug.m-3","2005-01-01 00:00:00","2006-12-31 22:00:00",16540,"Almería",198533,"MEDITERRÁNEO",308730
"239",239,"es1393a","pm10","day","ug.m-3","2009-01-05 00:00:00","2012-12-26 00:00:00",200,"Almería",198533,"MEDITERRÁNEO",308730
"240",240,"es1393a","o3","day","ug.m-3","2002-01-01 00:00:00","2012-12-31 00:00:00",3948,"Almería",198533,"MEDITERRÁNEO",308730
"241",241,"es1393a","o3","dymax","ug.m-3","2002-01-01 00:00:00","2012-12-31 00:00:00",3947,"Almería",198533,"MEDITERRÁNEO",308730
"242",242,"es1393a","o3","hour","ug.m-3","2002-01-01 00:00:00","2012-12-31 22:00:00",92803,"Almería",198533,"MEDITERRÁNEO",308730
"243",243,"es1393a","o3","hour8","ug.m-3","2002-01-01 00:00:00","2012-12-31 23:00:00",93932,"Almería",198533,"MEDITERRÁNEO",308730
"244",244,"es1393a","no2","day","ug.m-3","2005-01-01 00:00:00","2012-12-31 00:00:00",2802,"Almería",198533,"MEDITERRÁNEO",308730
"245",245,"es1393a","no2","hour","ug.m-3","2005-01-01 00:00:00","2012-12-31 22:00:00",65734,"Almería",198533,"MEDITERRÁNEO",308730
"246",246,"es1393a","no","day","ug.m-3","2005-01-01 00:00:00","2012-12-31 00:00:00",2802,"Almería",198533,"MEDITERRÁNEO",308730
"247",247,"es1393a","no","hour","ug.m-3","2005-01-01 00:00:00","2012-12-31 22:00:00",65722,"Almería",198533,"MEDITERRÁNEO",308730
"50",50,"es0890a","pm10","day","ug.m-3","2005-01-01 00:00:00","2011-12-06 00:00:00",1466,"Sevilla",688592,"Torneo",308480
"51",51,"es0890a","pm10","hour","ug.m-3","2005-01-01 00:00:00","2006-05-10 21:00:00",10783,"Sevilla",688592,"Torneo",308480
"52",52,"es0890a","o3","day","ug.m-3","2002-01-01 00:00:00","2012-12-31 00:00:00",3958,"Sevilla",688592,"Torneo",308480
"53",53,"es0890a","o3","dymax","ug.m-3","2002-01-01 00:00:00","2012-12-31 00:00:00",3955,"Sevilla",688592,"Torneo",308480
"54",54,"es0890a","o3","hour","ug.m-3","2002-01-01 00:00:00","2012-12-31 22:00:00",93604,"Sevilla",688592,"Torneo",308480
"55",55,"es0890a","o3","hour8","ug.m-3","2002-01-01 00:00:00","2012-12-31 23:00:00",94540,"Sevilla",688592,"Torneo",308480
"56",56,"es0890a","no2","day","ug.m-3","2005-01-01 00:00:00","2012-12-31 00:00:00",2861,"Sevilla",688592,"Torneo",308480
"57",57,"es0890a","no2","hour","ug.m-3","2005-01-01 00:00:00","2012-12-31 22:00:00",67473,"Sevilla",688592,"Torneo",308480
"58",58,"es0890a","no","day","ug.m-3","2005-01-01 00:00:00","2012-12-31 00:00:00",2862,"Sevilla",688592,"Torneo",308480
"59",59,"es0890a","no","hour","ug.m-3","2005-01-01 00:00:00","2012-12-31 22:00:00",67469,"Sevilla",688592,"Torneo",308480
"451",451,"es1635a","pm10","day","ug.m-3","2003-01-01 00:00:00","2012-12-31 00:00:00",2621,"Alicante",334888,"ALACANT-EL PLÁ",298957
"452",452,"es1635a","o3","day","ug.m-3","2002-09-10 00:00:00","2012-12-31 00:00:00",3555,"Alicante",334888,"ALACANT-EL PLÁ",298957
"453",453,"es1635a","o3","dymax","ug.m-3","2002-09-10 00:00:00","2012-12-31 00:00:00",3551,"Alicante",334888,"ALACANT-EL PLÁ",298957
"454",454,"es1635a","o3","hour","ug.m-3","2002-09-10 16:00:00","2012-12-31 23:00:00",83573,"Alicante",334888,"ALACANT-EL PLÁ",298957
"455",455,"es1635a","o3","hour8","ug.m-3","2002-09-10 16:00:00","2012-12-31 23:00:00",84480,"Alicante",334888,"ALACANT-EL PLÁ",298957
"456",456,"es1635a","no2","day","ug.m-3","2003-01-01 00:00:00","2012-12-31 00:00:00",3243,"Alicante",334888,"ALACANT-EL PLÁ",298957
"457",457,"es1635a","no2","hour","ug.m-3","2003-01-01 00:00:00","2012-12-31 23:00:00",73990,"Alicante",334888,"ALACANT-EL PLÁ",298957
"458",458,"es1635a","no","day","ug.m-3","2003-01-01 00:00:00","2012-12-31 00:00:00",3243,"Alicante",334888,"ALACANT-EL PLÁ",298957
"459",459,"es1635a","no","hour","ug.m-3","2003-01-01 00:00:00","2012-12-31 23:00:00",73989,"Alicante",334888,"ALACANT-EL PLÁ",298957
"148",148,"es1244a","pm10","day","ug.m-3","2001-03-02 00:00:00","2001-12-31 00:00:00",305,"Bilbao",346844,"MAZARREDO",294574
"149",149,"es1244a","pm10","hour","ug.m-3","2001-03-02 03:00:00","2001-12-31 23:00:00",7252,"Bilbao",346844,"MAZARREDO",294574
"150",150,"es1244a","o3","day","ug.m-3","1997-01-01 00:00:00","2012-12-31 00:00:00",5669,"Bilbao",346844,"MAZARREDO",294574
"151",151,"es1244a","o3","dymax","ug.m-3","1997-01-01 00:00:00","2012-12-31 00:00:00",5682,"Bilbao",346844,"MAZARREDO",294574
"152",152,"es1244a","o3","hour","ug.m-3","1997-01-01 00:00:00","2012-12-31 23:00:00",133958,"Bilbao",346844,"MAZARREDO",294574
"153",153,"es1244a","o3","hour8","ug.m-3","1997-01-01 00:00:00","2012-12-31 23:00:00",135516,"Bilbao",346844,"MAZARREDO",294574
"154",154,"es1244a","no2","day","ug.m-3","1997-01-01 00:00:00","2012-12-31 00:00:00",5692,"Bilbao",346844,"MAZARREDO",294574
"155",155,"es1244a","no2","hour","ug.m-3","1997-01-01 00:00:00","2012-12-31 23:00:00",134359,"Bilbao",346844,"MAZARREDO",294574
"156",156,"es1244a","no","day","ug.m-3","2000-01-01 00:00:00","2012-12-31 00:00:00",4610,"Bilbao",346844,"MAZARREDO",294574
"157",157,"es1244a","no","hour","ug.m-3","2000-01-01 00:00:00","2012-12-31 23:00:00",108424,"Bilbao",346844,"MAZARREDO",294574
"498",498,"es1849a","pm10","day","ug.m-3","2007-07-18 00:00:00","2012-12-31 00:00:00",1591,"Elche",232517,"ELX-PARC DE BOMBERS",294168
"499",499,"es1849a","o3","day","ug.m-3","2007-07-17 00:00:00","2012-12-31 00:00:00",1873,"Elche",232517,"ELX-PARC DE BOMBERS",294168
"500",500,"es1849a","o3","dymax","ug.m-3","2007-07-17 00:00:00","2012-12-31 00:00:00",1875,"Elche",232517,"ELX-PARC DE BOMBERS",294168
"501",501,"es1849a","o3","hour","ug.m-3","2007-07-17 14:00:00","2012-12-31 23:00:00",44285,"Elche",232517,"ELX-PARC DE BOMBERS",294168
"502",502,"es1849a","o3","hour8","ug.m-3","2007-07-17 14:00:00","2012-12-31 23:00:00",44672,"Elche",232517,"ELX-PARC DE BOMBERS",294168
"503",503,"es1849a","no2","day","ug.m-3","2007-07-17 00:00:00","2012-12-31 00:00:00",1661,"Elche",232517,"ELX-PARC DE BOMBERS",294168
"504",504,"es1849a","no2","hour","ug.m-3","2007-07-17 14:00:00","2012-12-31 23:00:00",38504,"Elche",232517,"ELX-PARC DE BOMBERS",294168
"505",505,"es1849a","no","day","ug.m-3","2007-07-17 00:00:00","2012-12-31 00:00:00",1661,"Elche",232517,"ELX-PARC DE BOMBERS",294168
"506",506,"es1849a","no","hour","ug.m-3","2007-07-17 14:00:00","2012-12-31 23:00:00",38504,"Elche",232517,"ELX-PARC DE BOMBERS",294168
"424",424,"es1625a","pm10","day","ug.m-3","2006-02-22 00:00:00","2012-12-31 00:00:00",2023,"Valencia",38024,"BURJASSOT - FACULTATS",290700
"425",425,"es1625a","o3","day","ug.m-3","2005-06-17 00:00:00","2012-12-31 00:00:00",2341,"Valencia",38024,"BURJASSOT - FACULTATS",290700
"426",426,"es1625a","o3","dymax","ug.m-3","2005-06-17 00:00:00","2012-12-31 00:00:00",2339,"Valencia",38024,"BURJASSOT - FACULTATS",290700
"427",427,"es1625a","o3","hour","ug.m-3","2005-06-17 18:00:00","2012-12-31 23:00:00",54274,"Valencia",38024,"BURJASSOT - FACULTATS",290700
"428",428,"es1625a","o3","hour8","ug.m-3","2005-06-17 18:00:00","2012-12-31 23:00:00",55319,"Valencia",38024,"BURJASSOT - FACULTATS",290700
"429",429,"es1625a","no2","day","ug.m-3","2003-01-01 00:00:00","2012-12-31 00:00:00",2964,"Valencia",38024,"BURJASSOT - FACULTATS",290700
"430",430,"es1625a","no2","hour","ug.m-3","2003-01-01 00:00:00","2012-12-31 23:00:00",67982,"Valencia",38024,"BURJASSOT - FACULTATS",290700
"431",431,"es1625a","no","day","ug.m-3","2003-01-01 00:00:00","2012-12-31 00:00:00",2963,"Valencia",38024,"BURJASSOT - FACULTATS",290700
"432",432,"es1625a","no","hour","ug.m-3","2003-01-01 00:00:00","2012-12-31 23:00:00",67981,"Valencia",38024,"BURJASSOT - FACULTATS",290700
"290",290,"es1492a","pm10","day","ug.m-3","1999-10-19 00:00:00","2012-07-14 00:00:00",4202,"Vitoria",251775,"TRES MARZO",290398
"291",291,"es1492a","pm10","hour","ug.m-3","1999-10-19 02:00:00","2012-07-14 14:00:00",99562,"Vitoria",251775,"TRES MARZO",290398
"292",292,"es1492a","o3","day","ug.m-3","1998-04-01 00:00:00","2011-12-31 00:00:00",4984,"Vitoria",251775,"TRES MARZO",290398
"293",293,"es1492a","o3","dymax","ug.m-3","1998-04-01 00:00:00","2011-12-31 00:00:00",4980,"Vitoria",251775,"TRES MARZO",290398
"294",294,"es1492a","o3","hour","ug.m-3","1998-04-01 00:00:00","2011-12-31 23:00:00",114768,"Vitoria",251775,"TRES MARZO",290398
"295",295,"es1492a","o3","hour8","ug.m-3","1998-04-01 00:00:00","2011-12-31 23:00:00",119214,"Vitoria",251775,"TRES MARZO",290398
"296",296,"es1492a","no2","day","ug.m-3","1998-04-01 00:00:00","2012-12-31 00:00:00",5287,"Vitoria",251775,"TRES MARZO",290398
"297",297,"es1492a","no2","hour","ug.m-3","1998-04-01 00:00:00","2012-12-31 23:00:00",125646,"Vitoria",251775,"TRES MARZO",290398
"298",298,"es1492a","no","day","ug.m-3","2000-01-01 00:00:00","2012-12-31 00:00:00",4648,"Vitoria",251775,"TRES MARZO",290398
"299",299,"es1492a","no","hour","ug.m-3","2000-01-01 00:00:00","2012-12-31 23:00:00",110605,"Vitoria",251775,"TRES MARZO",290398
"476",476,"es1834a","pm10","day","ug.m-3","2006-03-01 00:00:00","2006-12-18 00:00:00",202,"Castellón de la Plana",171728,"Patronat d'Esports",289510
"477",477,"es1834a","pm10","day","ug.m-3","2007-01-10 00:00:00","2012-12-31 00:00:00",1775,"Castellón de la Plana",171728,"Patronat d'Esports",289510
"478",478,"es1834a","o3","day","ug.m-3","2006-02-07 00:00:00","2012-12-31 00:00:00",2276,"Castellón de la Plana",171728,"Patronat d'Esports",289510
"479",479,"es1834a","o3","dymax","ug.m-3","2006-02-07 00:00:00","2012-12-31 00:00:00",2277,"Castellón de la Plana",171728,"Patronat d'Esports",289510
"480",480,"es1834a","o3","hour","ug.m-3","2006-02-07 00:00:00","2012-12-31 23:00:00",52745,"Castellón de la Plana",171728,"Patronat d'Esports",289510
"481",481,"es1834a","o3","hour8","ug.m-3","2006-02-07 00:00:00","2012-12-31 23:00:00",53694,"Castellón de la Plana",171728,"Patronat d'Esports",289510
"482",482,"es1834a","no2","day","ug.m-3","2006-02-09 00:00:00","2012-12-31 00:00:00",2218,"Castellón de la Plana",171728,"Patronat d'Esports",289510
"483",483,"es1834a","no2","hour","ug.m-3","2006-02-09 15:00:00","2012-12-31 23:00:00",50588,"Castellón de la Plana",171728,"Patronat d'Esports",289510
"484",484,"es1834a","no","day","ug.m-3","2006-02-09 00:00:00","2012-12-31 00:00:00",2219,"Castellón de la Plana",171728,"Patronat d'Esports",289510
"485",485,"es1834a","no","hour","ug.m-3","2006-02-09 12:00:00","2012-12-31 23:00:00",50606,"Castellón de la Plana",171728,"Patronat d'Esports",289510
"271",271,"es1479a","pm10","day","ug.m-3","2005-01-01 00:00:00","2011-12-31 00:00:00",2069,"Cádiz",116027,"Avenida Marconi",288931
"272",272,"es1479a","pm10","hour","ug.m-3","2005-01-01 00:00:00","2008-12-31 22:00:00",25088,"Cádiz",116027,"Avenida Marconi",288931
"273",273,"es1479a","o3","day","ug.m-3","2002-01-01 00:00:00","2012-12-31 00:00:00",3877,"Cádiz",116027,"Avenida Marconi",288931
"274",274,"es1479a","o3","dymax","ug.m-3","2002-01-01 00:00:00","2012-12-31 00:00:00",3877,"Cádiz",116027,"Avenida Marconi",288931
"275",275,"es1479a","o3","hour","ug.m-3","2002-01-01 00:00:00","2012-12-31 22:00:00",91718,"Cádiz",116027,"Avenida Marconi",288931
"276",276,"es1479a","o3","hour8","ug.m-3","2002-01-01 00:00:00","2012-12-31 23:00:00",92736,"Cádiz",116027,"Avenida Marconi",288931
"277",277,"es1479a","no2","day","ug.m-3","2005-01-07 00:00:00","2012-12-31 00:00:00",2063,"Cádiz",116027,"Avenida Marconi",288931
"278",278,"es1479a","no2","hour","ug.m-3","2005-01-07 12:00:00","2012-12-31 22:00:00",48401,"Cádiz",116027,"Avenida Marconi",288931
"279",279,"es1479a","no","day","ug.m-3","2005-01-07 00:00:00","2012-12-31 00:00:00",2062,"Cádiz",116027,"Avenida Marconi",288931
"280",280,"es1479a","no","hour","ug.m-3","2005-01-07 12:00:00","2012-12-31 22:00:00",48388,"Cádiz",116027,"Avenida Marconi",288931
"330",330,"es1525a","pm10","day","ug.m-3","2005-01-01 00:00:00","2012-12-31 00:00:00",1459,"Madrid",3266132,"CUATRO CAMINOS-PABLO IGLESIAS",283190
"331",331,"es1525a","pm10","hour","ug.m-3","2005-01-01 00:00:00","2012-12-31 22:00:00",34874,"Madrid",3266132,"CUATRO CAMINOS-PABLO IGLESIAS",283190
"332",332,"es1525a","o3","day","ug.m-3","2002-01-01 00:00:00","2009-12-30 00:00:00",2915,"Madrid",3266132,"CUATRO CAMINOS-PABLO IGLESIAS",283190
"333",333,"es1525a","o3","dymax","ug.m-3","2002-01-01 00:00:00","2009-12-30 00:00:00",2913,"Madrid",3266132,"CUATRO CAMINOS-PABLO IGLESIAS",283190
"334",334,"es1525a","o3","hour","ug.m-3","2002-01-01 00:00:00","2009-12-30 16:00:00",68430,"Madrid",3266132,"CUATRO CAMINOS-PABLO IGLESIAS",283190
"335",335,"es1525a","o3","hour8","ug.m-3","2002-01-01 00:00:00","2009-12-30 23:00:00",69768,"Madrid",3266132,"CUATRO CAMINOS-PABLO IGLESIAS",283190
"336",336,"es1525a","no2","day","ug.m-3","2005-01-01 00:00:00","2012-12-31 00:00:00",1824,"Madrid",3266132,"CUATRO CAMINOS-PABLO IGLESIAS",283190
"337",337,"es1525a","no2","hour","ug.m-3","2005-01-01 00:00:00","2012-12-31 22:00:00",43685,"Madrid",3266132,"CUATRO CAMINOS-PABLO IGLESIAS",283190
"338",338,"es1525a","no","day","ug.m-3","2005-01-01 00:00:00","2012-12-31 00:00:00",1459,"Madrid",3266132,"CUATRO CAMINOS-PABLO IGLESIAS",283190
"339",339,"es1525a","no","hour","ug.m-3","2005-01-01 00:00:00","2012-12-31 22:00:00",34932,"Madrid",3266132,"CUATRO CAMINOS-PABLO IGLESIAS",283190
"248",248,"es1426a","pm10","day","ug.m-3","1997-01-01 00:00:00","2007-12-31 00:00:00",1341,"Madrid",3266130,"MORATALAZ",282751
"249",249,"es1426a","pm10","hour","ug.m-3","1997-01-01 00:00:00","2007-12-31 23:00:00",31963,"Madrid",3266130,"MORATALAZ",282751
"250",250,"es1426a","pm10","day","ug.m-3","1998-10-01 00:00:00","2012-12-31 00:00:00",4080,"Madrid",3266130,"MORATALAZ",282751
"251",251,"es1426a","pm10","hour","ug.m-3","1998-10-01 00:00:00","2012-12-31 22:00:00",97217,"Madrid",3266130,"MORATALAZ",282751
"252",252,"es1426a","pm10","day","ug.m-3","2000-01-01 00:00:00","2001-12-31 00:00:00",728,"Madrid",3266130,"MORATALAZ",282751
"253",253,"es1426a","pm10","hour","ug.m-3","2000-01-01 00:00:00","2001-12-31 23:00:00",17386,"Madrid",3266130,"MORATALAZ",282751
"254",254,"es1426a","o3","day","ug.m-3","1998-10-15 00:00:00","2009-12-30 00:00:00",4079,"Madrid",3266130,"MORATALAZ",282751
"255",255,"es1426a","o3","dymax","ug.m-3","1998-10-15 00:00:00","2009-12-30 00:00:00",4079,"Madrid",3266130,"MORATALAZ",282751
"256",256,"es1426a","o3","hour","ug.m-3","1998-10-15 00:00:00","2009-12-30 09:00:00",96537,"Madrid",3266130,"MORATALAZ",282751
"257",257,"es1426a","o3","hour8","ug.m-3","1998-10-15 00:00:00","2009-12-30 16:00:00",97723,"Madrid",3266130,"MORATALAZ",282751
"258",258,"es1426a","no2","day","ug.m-3","1998-10-23 00:00:00","2012-12-31 00:00:00",5166,"Madrid",3266130,"MORATALAZ",282751
"259",259,"es1426a","no2","hour","ug.m-3","1998-10-23 00:00:00","2012-12-31 22:00:00",123342,"Madrid",3266130,"MORATALAZ",282751
"260",260,"es1426a","no","day","ug.m-3","2000-01-01 00:00:00","2012-12-31 00:00:00",4731,"Madrid",3266130,"MORATALAZ",282751
"261",261,"es1426a","no","hour","ug.m-3","2000-01-01 00:00:00","2012-12-31 22:00:00",113122,"Madrid",3266130,"MORATALAZ",282751
"300",300,"es1494a","pm10","day","ug.m-3","1999-10-21 00:00:00","2012-10-07 00:00:00",4309,"San Sebastián",187416,"ATEGORRIETA",281200
"301",301,"es1494a","pm10","hour","ug.m-3","1999-10-21 13:00:00","2012-10-07 07:00:00",101618,"San Sebastián",187416,"ATEGORRIETA",281200
"302",302,"es1494a","o3","day","ug.m-3","1998-04-01 00:00:00","2011-12-31 00:00:00",4918,"San Sebastián",187416,"ATEGORRIETA",281200
"303",303,"es1494a","o3","dymax","ug.m-3","1998-04-01 00:00:00","2011-12-31 00:00:00",4916,"San Sebastián",187416,"ATEGORRIETA",281200
"304",304,"es1494a","o3","hour","ug.m-3","1998-04-01 00:00:00","2011-12-31 23:00:00",111961,"San Sebastián",187416,"ATEGORRIETA",281200
"305",305,"es1494a","o3","hour8","ug.m-3","1998-04-01 00:00:00","2011-12-31 23:00:00",117541,"San Sebastián",187416,"ATEGORRIETA",281200
"306",306,"es1494a","no2","day","ug.m-3","1998-04-01 00:00:00","2011-12-16 00:00:00",4859,"San Sebastián",187416,"ATEGORRIETA",281200
"307",307,"es1494a","no2","hour","ug.m-3","1998-04-01 00:00:00","2011-12-16 23:00:00",114690,"San Sebastián",187416,"ATEGORRIETA",281200
"308",308,"es1494a","no","day","ug.m-3","2000-01-01 00:00:00","2011-12-16 00:00:00",4317,"San Sebastián",187416,"ATEGORRIETA",281200
"309",309,"es1494a","no","hour","ug.m-3","2000-01-01 00:00:00","2011-12-16 23:00:00",102092,"San Sebastián",187416,"ATEGORRIETA",281200
"414",414,"es1618a","pm10","day","ug.m-3","2003-01-01 00:00:00","2012-12-31 00:00:00",3540,"Salamanca",144228,"SALAMANCA 5",280619
"415",415,"es1618a","pm10","hour","ug.m-3","2003-01-01 00:00:00","2012-12-31 23:00:00",83416,"Salamanca",144228,"SALAMANCA 5",280619
"416",416,"es1618a","o3","day","ug.m-3","2005-06-06 00:00:00","2007-12-27 00:00:00",924,"Salamanca",144228,"SALAMANCA 5",280619
"417",417,"es1618a","o3","dymax","ug.m-3","2005-06-06 00:00:00","2007-12-27 00:00:00",925,"Salamanca",144228,"SALAMANCA 5",280619
"418",418,"es1618a","o3","hour","ug.m-3","2005-06-06 17:00:00","2007-12-27 14:00:00",21888,"Salamanca",144228,"SALAMANCA 5",280619
"419",419,"es1618a","o3","hour8","ug.m-3","2005-06-06 17:00:00","2007-12-27 21:00:00",22070,"Salamanca",144228,"SALAMANCA 5",280619
"420",420,"es1618a","no2","day","ug.m-3","2003-01-01 00:00:00","2012-12-31 00:00:00",3600,"Salamanca",144228,"SALAMANCA 5",280619
"421",421,"es1618a","no2","hour","ug.m-3","2003-01-01 00:00:00","2012-12-31 23:00:00",85348,"Salamanca",144228,"SALAMANCA 5",280619
"422",422,"es1618a","no","day","ug.m-3","2003-01-01 00:00:00","2012-12-31 00:00:00",3592,"Salamanca",144228,"SALAMANCA 5",280619
"423",423,"es1618a","no","hour","ug.m-3","2003-01-01 00:00:00","2012-12-31 23:00:00",85105,"Salamanca",144228,"SALAMANCA 5",280619
"109",109,"es1161a","pm10","day","ug.m-3","1998-10-01 00:00:00","2012-12-31 00:00:00",5071,"León",124303,"BARRIO PINILLA",279324
"110",110,"es1161a","pm10","hour","ug.m-3","1998-10-01 00:00:00","2012-12-31 23:00:00",120174,"León",124303,"BARRIO PINILLA",279324
"111",111,"es1161a","o3","day","ug.m-3","1997-01-01 00:00:00","2009-12-11 00:00:00",4614,"León",124303,"BARRIO PINILLA",279324
"112",112,"es1161a","o3","dymax","ug.m-3","1997-01-01 00:00:00","2009-12-11 00:00:00",4617,"León",124303,"BARRIO PINILLA",279324
"113",113,"es1161a","o3","hour","ug.m-3","1997-01-01 01:00:00","2009-12-11 10:00:00",109648,"León",124303,"BARRIO PINILLA",279324
"114",114,"es1161a","o3","hour8","ug.m-3","1997-01-01 01:00:00","2009-12-11 17:00:00",110345,"León",124303,"BARRIO PINILLA",279324
"115",115,"es1161a","no2","day","ug.m-3","1997-01-01 00:00:00","2012-12-31 00:00:00",5734,"León",124303,"BARRIO PINILLA",279324
"116",116,"es1161a","no2","hour","ug.m-3","1997-01-01 01:00:00","2012-12-31 23:00:00",136427,"León",124303,"BARRIO PINILLA",279324
"117",117,"es1161a","no","day","ug.m-3","2000-01-01 00:00:00","2012-12-31 00:00:00",4640,"León",124303,"BARRIO PINILLA",279324
"118",118,"es1161a","no","hour","ug.m-3","2000-01-01 00:00:00","2012-12-31 23:00:00",110299,"León",124303,"BARRIO PINILLA",279324
"394",394,"es1580a","pm10","day","ug.m-3","2002-01-01 00:00:00","2012-12-31 00:00:00",3983,"Santander",172539,"Centro",277186
"395",395,"es1580a","pm10","hour","ug.m-3","2002-01-01 00:00:00","2012-12-31 23:00:00",94190,"Santander",172539,"Centro",277186
"396",396,"es1580a","o3","day","ug.m-3","2002-01-01 00:00:00","2005-12-31 00:00:00",1442,"Santander",172539,"Centro",277186
"397",397,"es1580a","o3","dymax","ug.m-3","2002-01-01 00:00:00","2005-12-31 00:00:00",1444,"Santander",172539,"Centro",277186
"398",398,"es1580a","o3","hour","ug.m-3","2002-01-01 00:00:00","2005-12-31 23:00:00",34163,"Santander",172539,"Centro",277186
"399",399,"es1580a","o3","hour8","ug.m-3","2002-01-01 00:00:00","2005-12-31 23:00:00",34402,"Santander",172539,"Centro",277186
"400",400,"es1580a","no2","day","ug.m-3","2002-01-01 00:00:00","2012-12-31 00:00:00",3986,"Santander",172539,"Centro",277186
"401",401,"es1580a","no2","hour","ug.m-3","2002-01-01 00:00:00","2012-12-31 23:00:00",94352,"Santander",172539,"Centro",277186
"402",402,"es1580a","no","day","ug.m-3","2002-01-01 00:00:00","2012-12-31 00:00:00",3986,"Santander",172539,"Centro",277186
"403",403,"es1580a","no","hour","ug.m-3","2002-01-01 00:00:00","2012-12-31 23:00:00",94351,"Santander",172539,"Centro",277186
"60",60,"es1018a","pm10","day","ug.m-3","2002-01-02 00:00:00","2012-12-31 00:00:00",1985,"Tarrasa",220556,"Terrassa (Pare Alegre)",275393
"61",61,"es1018a","o3","day","ug.m-3","1999-01-01 00:00:00","2012-12-31 00:00:00",3768,"Tarrasa",220556,"Terrassa (Pare Alegre)",275393
"62",62,"es1018a","o3","dymax","ug.m-3","1999-01-01 00:00:00","2012-12-31 00:00:00",3768,"Tarrasa",220556,"Terrassa (Pare Alegre)",275393
"63",63,"es1018a","o3","hour","ug.m-3","1999-01-01 00:00:00","2012-12-31 22:00:00",88979,"Tarrasa",220556,"Terrassa (Pare Alegre)",275393
"64",64,"es1018a","o3","hour8","ug.m-3","1999-01-01 00:00:00","2012-12-31 23:00:00",89889,"Tarrasa",220556,"Terrassa (Pare Alegre)",275393
"65",65,"es1018a","no2","day","ug.m-3","1999-01-01 00:00:00","2012-12-31 00:00:00",3633,"Tarrasa",220556,"Terrassa (Pare Alegre)",275393
"66",66,"es1018a","no2","hour","ug.m-3","1999-01-01 00:00:00","2012-12-31 22:00:00",84971,"Tarrasa",220556,"Terrassa (Pare Alegre)",275393
"67",67,"es1018a","no","day","ug.m-3","2000-01-01 00:00:00","2012-12-31 00:00:00",3275,"Tarrasa",220556,"Terrassa (Pare Alegre)",275393
"68",68,"es1018a","no","hour","ug.m-3","2000-01-01 01:00:00","2012-12-31 22:00:00",76723,"Tarrasa",220556,"Terrassa (Pare Alegre)",275393
"281",281,"es1480a","pm10","day","ug.m-3","2002-01-02 00:00:00","2012-12-31 00:00:00",1967,"Barcelona",1636762,"Gràcia-Sant Gervasi",274590
"282",282,"es1480a","o3","day","ug.m-3","1997-11-04 00:00:00","2012-12-31 00:00:00",5075,"Barcelona",1636762,"Gràcia-Sant Gervasi",274590
"283",283,"es1480a","o3","dymax","ug.m-3","1997-11-04 00:00:00","2012-12-31 00:00:00",5076,"Barcelona",1636762,"Gràcia-Sant Gervasi",274590
"284",284,"es1480a","o3","hour","ug.m-3","1997-11-04 12:00:00","2012-12-31 22:00:00",119427,"Barcelona",1636762,"Gràcia-Sant Gervasi",274590
"285",285,"es1480a","o3","hour8","ug.m-3","1997-11-04 12:00:00","2012-12-31 23:00:00",120540,"Barcelona",1636762,"Gràcia-Sant Gervasi",274590
"286",286,"es1480a","no2","day","ug.m-3","1997-11-04 00:00:00","2012-12-31 00:00:00",5000,"Barcelona",1636762,"Gràcia-Sant Gervasi",274590
"287",287,"es1480a","no2","hour","ug.m-3","1997-11-04 12:00:00","2012-12-31 22:00:00",116848,"Barcelona",1636762,"Gràcia-Sant Gervasi",274590
"288",288,"es1480a","no","day","ug.m-3","2000-01-01 00:00:00","2012-12-31 00:00:00",4468,"Barcelona",1636762,"Gràcia-Sant Gervasi",274590
"289",289,"es1480a","no","hour","ug.m-3","2000-01-01 00:00:00","2012-12-31 22:00:00",104616,"Barcelona",1636762,"Gràcia-Sant Gervasi",274590
"158",158,"es1262a","pm10","day","ug.m-3","1999-04-06 00:00:00","2012-12-31 00:00:00",1627,"Sabadell",213644,"Sabadell (Gran Via)",273537
"159",159,"es1262a","o3","day","ug.m-3","1997-01-01 00:00:00","2012-12-31 00:00:00",5638,"Sabadell",213644,"Sabadell (Gran Via)",273537
"160",160,"es1262a","o3","dymax","ug.m-3","1997-01-01 00:00:00","2012-12-31 00:00:00",5634,"Sabadell",213644,"Sabadell (Gran Via)",273537
"161",161,"es1262a","o3","hour","ug.m-3","1997-01-01 00:00:00","2012-12-31 22:00:00",132549,"Sabadell",213644,"Sabadell (Gran Via)",273537
"162",162,"es1262a","o3","hour8","ug.m-3","1997-01-01 00:00:00","2012-12-31 23:00:00",133898,"Sabadell",213644,"Sabadell (Gran Via)",273537
"163",163,"es1262a","no2","day","ug.m-3","1997-01-01 00:00:00","2012-12-31 00:00:00",5549,"Sabadell",213644,"Sabadell (Gran Via)",273537
"164",164,"es1262a","no2","hour","ug.m-3","1997-01-01 00:00:00","2012-12-31 22:00:00",130063,"Sabadell",213644,"Sabadell (Gran Via)",273537
"165",165,"es1262a","no","day","ug.m-3","2000-01-01 00:00:00","2012-12-31 00:00:00",4551,"Sabadell",213644,"Sabadell (Gran Via)",273537
"166",166,"es1262a","no","hour","ug.m-3","2000-01-01 00:00:00","2012-12-31 22:00:00",106784,"Sabadell",213644,"Sabadell (Gran Via)",273537
"129",129,"es1225a","pm10","day","ug.m-3","2002-01-04 00:00:00","2012-12-30 00:00:00",1417,"Lleida",138956,"Lleida (Irurita - Pius XII)",268659
"130",130,"es1225a","o3","day","ug.m-3","1999-01-01 00:00:00","2012-12-31 00:00:00",4963,"Lleida",138956,"Lleida (Irurita - Pius XII)",268659
"131",131,"es1225a","o3","dymax","ug.m-3","1999-01-01 00:00:00","2012-12-31 00:00:00",4961,"Lleida",138956,"Lleida (Irurita - Pius XII)",268659
"132",132,"es1225a","o3","hour","ug.m-3","1999-01-01 00:00:00","2012-12-31 22:00:00",116948,"Lleida",138956,"Lleida (Irurita - Pius XII)",268659
"133",133,"es1225a","o3","hour8","ug.m-3","1999-01-01 00:00:00","2012-12-31 23:00:00",118077,"Lleida",138956,"Lleida (Irurita - Pius XII)",268659
"134",134,"es1225a","no2","day","ug.m-3","1999-01-01 00:00:00","2012-12-31 00:00:00",4789,"Lleida",138956,"Lleida (Irurita - Pius XII)",268659
"135",135,"es1225a","no2","hour","ug.m-3","1999-01-01 00:00:00","2012-12-31 22:00:00",112627,"Lleida",138956,"Lleida (Irurita - Pius XII)",268659
"136",136,"es1225a","no","day","ug.m-3","2000-01-01 00:00:00","2012-12-31 00:00:00",4492,"Lleida",138956,"Lleida (Irurita - Pius XII)",268659
"137",137,"es1225a","no","hour","ug.m-3","2000-01-01 00:00:00","2012-12-31 22:00:00",105837,"Lleida",138956,"Lleida (Irurita - Pius XII)",268659
"433",433,"es1631a","pm10","day","ug.m-3","2005-01-01 00:00:00","2012-12-31 00:00:00",2897,"Valladolid",298412,"Arco de Ladrillo",267753
"434",434,"es1631a","pm10","hour","ug.m-3","2005-01-01 00:00:00","2012-12-31 23:00:00",68663,"Valladolid",298412,"Arco de Ladrillo",267753
"435",435,"es1631a","no2","day","ug.m-3","2005-01-01 00:00:00","2012-12-31 00:00:00",2827,"Valladolid",298412,"Arco de Ladrillo",267753
"436",436,"es1631a","no2","hour","ug.m-3","2005-01-01 00:00:00","2012-12-31 23:00:00",66075,"Valladolid",298412,"Arco de Ladrillo",267753
"437",437,"es1631a","no","day","ug.m-3","2006-01-01 00:00:00","2012-12-31 00:00:00",2470,"Valladolid",298412,"Arco de Ladrillo",267753
"438",438,"es1631a","no","hour","ug.m-3","2006-01-01 00:00:00","2012-12-31 23:00:00",57796,"Valladolid",298412,"Arco de Ladrillo",267753
"439",439,"es1631a","no","day","ug.m-3","2005-01-01 00:00:00","2005-12-31 00:00:00",357,"Valladolid",298412,"Arco de Ladrillo",267753
"440",440,"es1631a","no","hour","ug.m-3","2005-01-01 00:00:00","2005-12-31 23:00:00",8270,"Valladolid",298412,"Arco de Ladrillo",267753
"310",310,"es1502a","pm10","day","ug.m-3","2001-06-14 00:00:00","2012-09-25 00:00:00",4059,"Vitoria",251774,"Avenida de Gasteiz",260127
"311",311,"es1502a","pm10","hour","ug.m-3","2001-06-14 07:00:00","2012-09-25 11:00:00",95877,"Vitoria",251774,"Avenida de Gasteiz",260127
"312",312,"es1502a","o3","day","ug.m-3","2001-01-01 00:00:00","2011-12-31 00:00:00",3925,"Vitoria",251774,"Avenida de Gasteiz",260127
"313",313,"es1502a","o3","dymax","ug.m-3","2001-01-01 00:00:00","2011-12-31 00:00:00",3924,"Vitoria",251774,"Avenida de Gasteiz",260127
"314",314,"es1502a","o3","hour","ug.m-3","2001-01-01 00:00:00","2011-12-31 23:00:00",91311,"Vitoria",251774,"Avenida de Gasteiz",260127
"315",315,"es1502a","o3","hour8","ug.m-3","2001-01-01 00:00:00","2011-12-31 23:00:00",93921,"Vitoria",251774,"Avenida de Gasteiz",260127
"316",316,"es1502a","no2","day","ug.m-3","2001-01-01 00:00:00","2011-12-31 00:00:00",3956,"Vitoria",251774,"Avenida de Gasteiz",260127
"317",317,"es1502a","no2","hour","ug.m-3","2001-01-01 00:00:00","2011-12-31 23:00:00",93823,"Vitoria",251774,"Avenida de Gasteiz",260127
"318",318,"es1502a","no","day","ug.m-3","2001-01-01 00:00:00","2011-12-31 00:00:00",3956,"Vitoria",251774,"Avenida de Gasteiz",260127
"319",319,"es1502a","no","hour","ug.m-3","2001-01-01 00:00:00","2011-12-31 23:00:00",93523,"Vitoria",251774,"Avenida de Gasteiz",260127
"262",262,"es1438a","pm10","day","ug.m-3","2002-01-16 00:00:00","2012-12-31 00:00:00",1673,"Barcelona",1636763,"Barcelona (l'Eixample)",235212
"263",263,"es1438a","o3","day","ug.m-3","1997-01-01 00:00:00","2012-12-31 00:00:00",4664,"Barcelona",1636763,"Barcelona (l'Eixample)",235212
"264",264,"es1438a","o3","dymax","ug.m-3","1997-01-01 00:00:00","2012-12-31 00:00:00",4659,"Barcelona",1636763,"Barcelona (l'Eixample)",235212
"265",265,"es1438a","o3","hour","ug.m-3","1997-01-01 02:00:00","2012-12-31 22:00:00",107359,"Barcelona",1636763,"Barcelona (l'Eixample)",235212
"266",266,"es1438a","o3","hour8","ug.m-3","1997-01-01 02:00:00","2012-12-31 23:00:00",109706,"Barcelona",1636763,"Barcelona (l'Eixample)",235212
"267",267,"es1438a","no2","day","ug.m-3","1997-01-01 00:00:00","2012-12-31 00:00:00",4422,"Barcelona",1636763,"Barcelona (l'Eixample)",235212
"268",268,"es1438a","no2","hour","ug.m-3","1997-01-01 02:00:00","2012-12-31 22:00:00",101289,"Barcelona",1636763,"Barcelona (l'Eixample)",235212
"269",269,"es1438a","no","day","ug.m-3","2000-01-11 00:00:00","2012-12-31 00:00:00",3634,"Barcelona",1636763,"Barcelona (l'Eixample)",235212
"270",270,"es1438a","no","hour","ug.m-3","2000-01-11 11:00:00","2012-12-31 22:00:00",83143,"Barcelona",1636763,"Barcelona (l'Eixample)",235212
"340",340,"es1560a","pm10","day","ug.m-3","2001-01-03 00:00:00","2010-12-31 00:00:00",3485,"Granada",232462,"Norte",219760
"341",341,"es1560a","pm10","hour","ug.m-3","2001-01-03 11:00:00","2008-12-31 22:00:00",66334,"Granada",232462,"Norte",219760
"342",342,"es1560a","o3","day","ug.m-3","2001-01-01 00:00:00","2011-12-31 00:00:00",3939,"Granada",232462,"Norte",219760
"343",343,"es1560a","o3","dymax","ug.m-3","2001-01-01 00:00:00","2011-12-31 00:00:00",3943,"Granada",232462,"Norte",219760
"344",344,"es1560a","o3","hour","ug.m-3","2001-01-01 00:00:00","2011-12-31 22:00:00",92866,"Granada",232462,"Norte",219760
"345",345,"es1560a","o3","hour8","ug.m-3","2001-01-01 00:00:00","2011-12-31 23:00:00",93754,"Granada",232462,"Norte",219760
"346",346,"es1560a","no2","day","ug.m-3","2001-01-01 00:00:00","2012-12-31 00:00:00",4153,"Granada",232462,"Norte",219760
"347",347,"es1560a","no2","hour","ug.m-3","2001-01-01 00:00:00","2012-12-31 22:00:00",98268,"Granada",232462,"Norte",219760
"348",348,"es1560a","no","day","ug.m-3","2001-01-01 00:00:00","2012-12-31 00:00:00",4153,"Granada",232462,"Norte",219760
"349",349,"es1560a","no","hour","ug.m-3","2001-01-01 00:00:00","2012-12-31 22:00:00",98284,"Granada",232462,"Norte",219760
"460",460,"es1673a","no2","day","ug.m-3","2005-01-01 00:00:00","2012-12-31 00:00:00",2743,"Vitoria",251776,"LOS HERRAN",209209
"461",461,"es1673a","no2","hour","ug.m-3","2005-01-01 00:00:00","2012-12-31 23:00:00",65164,"Vitoria",251776,"LOS HERRAN",209209
"462",462,"es1673a","no","day","ug.m-3","2006-01-01 00:00:00","2012-12-31 00:00:00",2381,"Vitoria",251776,"LOS HERRAN",209209
"463",463,"es1673a","no","hour","ug.m-3","2006-01-01 00:00:00","2012-12-31 23:00:00",56504,"Vitoria",251776,"LOS HERRAN",209209
"464",464,"es1673a","no","day","ug.m-3","2005-01-01 00:00:00","2005-12-31 00:00:00",365,"Vitoria",251776,"LOS HERRAN",209209
"465",465,"es1673a","no","hour","ug.m-3","2005-01-01 00:00:00","2005-12-31 23:00:00",8735,"Vitoria",251776,"LOS HERRAN",209209
"101",101,"es1160a","pm10","day","ug.m-3","2005-01-01 00:00:00","2009-12-31 00:00:00",1571,"Burgos",175821,"Burgos 1",199975
"102",102,"es1160a","pm10","hour","ug.m-3","2005-01-01 01:00:00","2009-12-31 23:00:00",36920,"Burgos",175821,"Burgos 1",199975
"103",103,"es1160a","no2","day","ug.m-3","2005-01-01 00:00:00","2009-12-31 00:00:00",1584,"Burgos",175821,"Burgos 1",199975
"104",104,"es1160a","no2","hour","ug.m-3","2005-01-01 00:00:00","2009-12-31 23:00:00",37520,"Burgos",175821,"Burgos 1",199975
"105",105,"es1160a","no","day","ug.m-3","2006-01-01 00:00:00","2009-12-31 00:00:00",1216,"Burgos",175821,"Burgos 1",199975
"106",106,"es1160a","no","hour","ug.m-3","2006-01-01 00:00:00","2009-12-31 23:00:00",28721,"Burgos",175821,"Burgos 1",199975
"107",107,"es1160a","no","day","ug.m-3","2005-01-01 00:00:00","2005-12-31 00:00:00",364,"Burgos",175821,"Burgos 1",199975
"108",108,"es1160a","no","hour","ug.m-3","2005-01-01 00:00:00","2005-12-31 23:00:00",8628,"Burgos",175821,"Burgos 1",199975
"2",2,"es0110a","o3","day","ug.m-3","1997-01-01 00:00:00","2009-12-31 00:00:00",4092,"Bilbao",24350,"Erandio",198274
"3",3,"es0110a","o3","dymax","ug.m-3","1997-01-01 00:00:00","2009-12-31 00:00:00",4095,"Bilbao",24350,"Erandio",198274
"4",4,"es0110a","o3","hour","ug.m-3","1997-01-01 00:00:00","2009-12-31 23:00:00",94149,"Bilbao",24350,"Erandio",198274
"5",5,"es0110a","o3","hour8","ug.m-3","1997-01-01 00:00:00","2009-12-31 23:00:00",97891,"Bilbao",24350,"Erandio",198274
"6",6,"es0110a","no2","day","ug.m-3","1997-01-10 00:00:00","2011-12-31 00:00:00",5324,"Bilbao",24350,"Erandio",198274
"7",7,"es0110a","no2","hour","ug.m-3","1997-01-10 14:00:00","2011-12-31 23:00:00",125638,"Bilbao",24350,"Erandio",198274
"8",8,"es0110a","no","day","ug.m-3","2000-01-01 00:00:00","2011-12-31 00:00:00",4278,"Bilbao",24350,"Erandio",198274
"9",9,"es0110a","no","hour","ug.m-3","2000-01-01 00:00:00","2011-12-31 23:00:00",101361,"Bilbao",24350,"Erandio",198274
"30",30,"es0120a","pm10","day","ug.m-3","2005-01-01 00:00:00","2005-12-31 00:00:00",365,"Madrid",3266129,"RAMÓN Y CAJAL",189502
"31",31,"es0120a","pm10","hour","ug.m-3","2005-01-01 00:00:00","2005-12-31 23:00:00",8713,"Madrid",3266129,"RAMÓN Y CAJAL",189502
"32",32,"es0120a","o3","day","ug.m-3","2002-01-01 00:00:00","2009-12-30 00:00:00",2919,"Madrid",3266129,"RAMÓN Y CAJAL",189502
"33",33,"es0120a","o3","dymax","ug.m-3","2002-01-01 00:00:00","2009-12-30 00:00:00",2919,"Madrid",3266129,"RAMÓN Y CAJAL",189502
"34",34,"es0120a","o3","hour","ug.m-3","2002-01-01 00:00:00","2009-12-30 16:00:00",69690,"Madrid",3266129,"RAMÓN Y CAJAL",189502
"35",35,"es0120a","o3","hour8","ug.m-3","2002-01-01 00:00:00","2009-12-30 23:00:00",69959,"Madrid",3266129,"RAMÓN Y CAJAL",189502
"36",36,"es0120a","no2","day","ug.m-3","2005-01-01 00:00:00","2012-12-31 00:00:00",1826,"Madrid",3266129,"RAMÓN Y CAJAL",189502
"37",37,"es0120a","no2","hour","ug.m-3","2005-01-01 00:00:00","2012-12-31 22:00:00",43699,"Madrid",3266129,"RAMÓN Y CAJAL",189502
"38",38,"es0120a","no","day","ug.m-3","2005-01-01 00:00:00","2012-12-31 00:00:00",1461,"Madrid",3266129,"RAMÓN Y CAJAL",189502
"39",39,"es0120a","no","hour","ug.m-3","2005-01-01 00:00:00","2012-12-31 22:00:00",34948,"Madrid",3266129,"RAMÓN Y CAJAL",189502
"10",10,"es0115a","pm10","day","ug.m-3","2005-01-01 00:00:00","2005-12-31 00:00:00",363,"Madrid",3266127,"PLAZA DE ESPAÑA",185615
"11",11,"es0115a","pm10","hour","ug.m-3","2005-01-01 00:00:00","2005-12-31 23:00:00",8649,"Madrid",3266127,"PLAZA DE ESPAÑA",185615
"12",12,"es0115a","o3","day","ug.m-3","2002-01-01 00:00:00","2009-12-30 00:00:00",2918,"Madrid",3266127,"PLAZA DE ESPAÑA",185615
"13",13,"es0115a","o3","dymax","ug.m-3","2002-01-01 00:00:00","2009-12-30 00:00:00",2918,"Madrid",3266127,"PLAZA DE ESPAÑA",185615
"14",14,"es0115a","o3","hour","ug.m-3","2002-01-01 00:00:00","2009-12-30 15:00:00",69765,"Madrid",3266127,"PLAZA DE ESPAÑA",185615
"15",15,"es0115a","o3","hour8","ug.m-3","2002-01-01 00:00:00","2009-12-30 22:00:00",69898,"Madrid",3266127,"PLAZA DE ESPAÑA",185615
"16",16,"es0115a","no2","day","ug.m-3","1993-01-01 00:00:00","2012-12-31 00:00:00",2916,"Madrid",3266127,"PLAZA DE ESPAÑA",185615
"17",17,"es0115a","no2","hour","ug.m-3","1993-01-01 00:00:00","2012-12-31 22:00:00",69476,"Madrid",3266127,"PLAZA DE ESPAÑA",185615
"18",18,"es0115a","no","day","ug.m-3","2005-01-01 00:00:00","2012-12-31 00:00:00",1457,"Madrid",3266127,"PLAZA DE ESPAÑA",185615
"19",19,"es0115a","no","hour","ug.m-3","2005-01-01 00:00:00","2012-12-31 22:00:00",34771,"Madrid",3266127,"PLAZA DE ESPAÑA",185615
"40",40,"es0817a","pm10","day","ug.m-3","1997-01-01 00:00:00","2005-04-19 00:00:00",2694,"Sevilla",688593,"LA RANILLA",182401
"41",41,"es0817a","pm10","hour","ug.m-3","1997-01-01 00:00:00","2005-04-19 07:00:00",63726,"Sevilla",688593,"LA RANILLA",182401
"42",42,"es0817a","o3","day","ug.m-3","1997-01-01 00:00:00","2002-05-24 00:00:00",1918,"Sevilla",688593,"LA RANILLA",182401
"43",43,"es0817a","o3","dymax","ug.m-3","1997-01-01 00:00:00","2002-05-24 00:00:00",1918,"Sevilla",688593,"LA RANILLA",182401
"44",44,"es0817a","o3","hour","ug.m-3","1997-01-01 00:00:00","2002-05-24 07:00:00",45191,"Sevilla",688593,"LA RANILLA",182401
"45",45,"es0817a","o3","hour8","ug.m-3","1997-01-01 00:00:00","2002-05-24 14:00:00",45706,"Sevilla",688593,"LA RANILLA",182401
"46",46,"es0817a","no2","day","ug.m-3","1997-01-01 00:00:00","2012-12-31 00:00:00",5606,"Sevilla",688593,"LA RANILLA",182401
"47",47,"es0817a","no2","hour","ug.m-3","1997-01-01 00:00:00","2012-12-31 22:00:00",131561,"Sevilla",688593,"LA RANILLA",182401
"48",48,"es0817a","no","day","ug.m-3","2000-01-01 00:00:00","2012-12-31 00:00:00",4534,"Sevilla",688593,"LA RANILLA",182401
"49",49,"es0817a","no","hour","ug.m-3","2000-01-01 00:00:00","2012-12-31 22:00:00",106439,"Sevilla",688593,"LA RANILLA",182401
"217",217,"es1340a","pm10","day","ug.m-3","1997-01-01 00:00:00","2012-12-31 00:00:00",4132,"Huelva",143663,"POZO DULCE",150711
"218",218,"es1340a","pm10","hour","ug.m-3","1997-01-01 00:00:00","2008-12-31 17:00:00",59146,"Huelva",143663,"POZO DULCE",150711
"219",219,"es1340a","o3","day","ug.m-3","1997-01-01 00:00:00","1998-04-27 00:00:00",459,"Huelva",143663,"POZO DULCE",150711
"220",220,"es1340a","o3","dymax","ug.m-3","1997-01-01 00:00:00","1998-04-27 00:00:00",459,"Huelva",143663,"POZO DULCE",150711
"221",221,"es1340a","o3","hour","ug.m-3","1997-01-01 00:00:00","1998-04-27 09:00:00",10390,"Huelva",143663,"POZO DULCE",150711
"222",222,"es1340a","o3","hour8","ug.m-3","1997-01-01 00:00:00","1998-04-27 16:00:00",10809,"Huelva",143663,"POZO DULCE",150711
"223",223,"es1340a","no2","day","ug.m-3","1997-01-01 00:00:00","2005-06-16 00:00:00",1979,"Huelva",143663,"POZO DULCE",150711
"224",224,"es1340a","no2","hour","ug.m-3","1997-01-01 00:00:00","2001-12-31 23:00:00",42949,"Huelva",143663,"POZO DULCE",150711
"225",225,"es1340a","no","day","ug.m-3","2000-01-01 00:00:00","2005-06-16 00:00:00",889,"Huelva",143663,"POZO DULCE",150711
"226",226,"es1340a","no","hour","ug.m-3","2000-01-01 00:00:00","2001-12-31 23:00:00",17302,"Huelva",143663,"POZO DULCE",150711
"486",486,"es1836a","o3","day","ug.m-3","2006-07-06 00:00:00","2010-12-31 00:00:00",1603,"Zaragoza",674999,"LAS FUENTES",145206
"487",487,"es1836a","o3","dymax","ug.m-3","2006-07-06 00:00:00","2010-12-31 00:00:00",1597,"Zaragoza",674999,"LAS FUENTES",145206
"488",488,"es1836a","o3","hour","ug.m-3","2006-07-06 18:00:00","2010-12-31 22:00:00",37685,"Zaragoza",674999,"LAS FUENTES",145206
"489",489,"es1836a","o3","hour8","ug.m-3","2006-07-06 18:00:00","2010-12-31 23:00:00",38015,"Zaragoza",674999,"LAS FUENTES",145206
"490",490,"es1836a","no2","day","ug.m-3","2009-01-01 00:00:00","2009-12-31 00:00:00",358,"Zaragoza",674999,"LAS FUENTES",145206
"491",491,"es1836a","no2","hour","ug.m-3","2009-01-01 00:00:00","2009-12-31 22:00:00",8487,"Zaragoza",674999,"LAS FUENTES",145206
"492",492,"es1837a","o3","day","ug.m-3","2006-10-20 00:00:00","2010-12-31 00:00:00",1532,"Zaragoza",674997,"Centro",110710
"493",493,"es1837a","o3","dymax","ug.m-3","2006-10-20 00:00:00","2010-12-31 00:00:00",1531,"Zaragoza",674997,"Centro",110710
"494",494,"es1837a","o3","hour","ug.m-3","2006-10-20 12:00:00","2010-12-31 22:00:00",36450,"Zaragoza",674997,"Centro",110710
"495",495,"es1837a","o3","hour8","ug.m-3","2006-10-20 12:00:00","2010-12-31 23:00:00",36641,"Zaragoza",674997,"Centro",110710
"496",496,"es1837a","no2","day","ug.m-3","2009-01-27 00:00:00","2009-12-31 00:00:00",326,"Zaragoza",674997,"Centro",110710
"497",497,"es1837a","no2","hour","ug.m-3","2009-01-27 23:00:00","2009-12-31 22:00:00",7682,"Zaragoza",674997,"Centro",110710
"1",1,"es0041a","no2","day","ug.m-3","1987-04-01 00:00:00","1987-08-31 00:00:00",151,"Bilbao",346843,"María Diaz de Haro",61094
