"site","Pollutant","site_name","latitude","longitude","elevation","country","site_type","site_area","date_start","date_end","Municipio","Población","Estación.tráfico"
"es0041a","no2","DIRECCIÓN DE SALUD",43.25883,-2.94565,32,"spain","traffic","urban",1986-04-01 00:00:00,2021-02-15 00:00:00,"Bilbao",346843,"María Diaz de Haro"
"es0041a","pm10","DIRECCIÓN DE SALUD",43.25883,-2.94565,32,"spain","traffic","urban",1986-04-01 00:00:00,2021-02-15 00:00:00,"Bilbao",346843,"María Diaz de Haro"
"es0110a","no","ERANDIO",43.30268,-2.97724,4,"spain","traffic","urban",1997-01-01 00:00:00,2021-02-15 00:00:00,"Bilbao",24350,"Erandio"
"es0110a","no2","ERANDIO",43.30268,-2.97724,4,"spain","traffic","urban",1997-01-01 00:00:00,2021-02-15 00:00:00,"Bilbao",24350,"Erandio"
"es0110a","pm10","ERANDIO",43.30268,-2.97724,4,"spain","traffic","urban",1997-01-01 00:00:00,2021-02-15 00:00:00,"Bilbao",24350,"Erandio"
"es0110a","pm2.5","ERANDIO",43.30268,-2.97724,4,"spain","traffic","urban",1997-01-01 00:00:00,2021-02-15 00:00:00,"Bilbao",24350,"Erandio"
"es0118a","no","ESCUELAS AGUIRRE",40.42166666,-3.68222222,672,"spain","traffic","urban",2002-11-19 00:00:00,2021-02-15 00:00:00,"Madrid",3266128,"ESCUELAS AGUIRRE"
"es0118a","no2","ESCUELAS AGUIRRE",40.42166666,-3.68222222,672,"spain","traffic","urban",2002-11-19 00:00:00,2021-02-15 00:00:00,"Madrid",3266128,"ESCUELAS AGUIRRE"
"es0118a","o3","ESCUELAS AGUIRRE",40.42166666,-3.68222222,672,"spain","traffic","urban",2002-11-19 00:00:00,2021-02-15 00:00:00,"Madrid",3266128,"ESCUELAS AGUIRRE"
"es0118a","pm10","ESCUELAS AGUIRRE",40.42166666,-3.68222222,672,"spain","traffic","urban",2002-11-19 00:00:00,2021-02-15 00:00:00,"Madrid",3266128,"ESCUELAS AGUIRRE"
"es0118a","pm2.5","ESCUELAS AGUIRRE",40.42166666,-3.68222222,672,"spain","traffic","urban",2002-11-19 00:00:00,2021-02-15 00:00:00,"Madrid",3266128,"ESCUELAS AGUIRRE"
"es0120a","no","RAMÓN Y CAJAL",40.45166666,-3.67722222,708,"spain","traffic","urban",2002-01-01 00:00:00,2021-02-15 00:00:00,"Madrid",3266129,"RAMÓN Y CAJAL"
"es0120a","no2","RAMÓN Y CAJAL",40.45166666,-3.67722222,708,"spain","traffic","urban",2002-01-01 00:00:00,2021-02-15 00:00:00,"Madrid",3266129,"RAMÓN Y CAJAL"
"es0817a","no","LA RANILLA",37.38425,-5.95962,29,"spain","traffic","urban",1997-01-01 00:00:00,2021-02-15 01:00:00,"Sevilla",688593,"LA RANILLA"
"es0817a","no2","LA RANILLA",37.38425,-5.95962,29,"spain","traffic","urban",1997-01-01 00:00:00,2021-02-15 01:00:00,"Sevilla",688593,"LA RANILLA"
"es0890a","no","TORNEO",37.39452,-6.0031,17,"spain","traffic","urban",2002-01-01 00:00:00,2021-02-15 01:00:00,"Sevilla",688592,"Torneo"
"es0890a","no2","TORNEO",37.39452,-6.0031,17,"spain","traffic","urban",2002-01-01 00:00:00,2021-02-15 01:00:00,"Sevilla",688592,"Torneo"
"es0890a","o3","TORNEO",37.39452,-6.0031,17,"spain","traffic","urban",2002-01-01 00:00:00,2021-02-15 01:00:00,"Sevilla",688592,"Torneo"
"es1018a","no","Terrassa (Pare Alegre)",41.556115398,2.007401267,261,"spain","traffic","urban",1999-01-01 00:00:00,2021-02-15 01:00:00,"Tarrasa",220556,"Terrassa (Pare Alegre)"
"es1018a","no2","Terrassa (Pare Alegre)",41.556115398,2.007401267,261,"spain","traffic","urban",1999-01-01 00:00:00,2021-02-15 01:00:00,"Tarrasa",220556,"Terrassa (Pare Alegre)"
"es1018a","o3","Terrassa (Pare Alegre)",41.556115398,2.007401267,261,"spain","traffic","urban",1999-01-01 00:00:00,2021-02-15 01:00:00,"Tarrasa",220556,"Terrassa (Pare Alegre)"
"es1047a","no","ROGER DE FLOR",41.65139,-0.91611,212,"spain","traffic","urban",1997-01-01 00:00:00,2021-02-15 01:00:00,"Zaragoza",674998,"ROGER DE FLOR"
"es1047a","no2","ROGER DE FLOR",41.65139,-0.91611,212,"spain","traffic","urban",1997-01-01 00:00:00,2021-02-15 01:00:00,"Zaragoza",674998,"ROGER DE FLOR"
"es1047a","o3","ROGER DE FLOR",41.65139,-0.91611,212,"spain","traffic","urban",1997-01-01 00:00:00,2021-02-15 01:00:00,"Zaragoza",674998,"ROGER DE FLOR"
"es1047a","pm10","ROGER DE FLOR",41.65139,-0.91611,212,"spain","traffic","urban",1997-01-01 00:00:00,2021-02-15 01:00:00,"Zaragoza",674998,"ROGER DE FLOR"
"es1096a","no","GOMEZ FRANQUEIRA",42.353,-7.8779,132,"spain","traffic","urban",2005-08-01 00:00:00,2021-02-15 01:00:00,"Ourense",105233,"GOMEZ FRANQUEIRA"
"es1096a","no2","GOMEZ FRANQUEIRA",42.353,-7.8779,132,"spain","traffic","urban",2005-08-01 00:00:00,2021-02-15 01:00:00,"Ourense",105233,"GOMEZ FRANQUEIRA"
"es1096a","o3","GOMEZ FRANQUEIRA",42.353,-7.8779,132,"spain","traffic","urban",2005-08-01 00:00:00,2021-02-15 01:00:00,"Ourense",105233,"GOMEZ FRANQUEIRA"
"es1096a","pm10","GOMEZ FRANQUEIRA",42.353,-7.8779,132,"spain","traffic","urban",2005-08-01 00:00:00,2021-02-15 01:00:00,"Ourense",105233,"GOMEZ FRANQUEIRA"
"es1096a","pm2.5","GOMEZ FRANQUEIRA",42.353,-7.8779,132,"spain","traffic","urban",2005-08-01 00:00:00,2021-02-15 01:00:00,"Ourense",105233,"GOMEZ FRANQUEIRA"
"es1137a","no","ARENAL",42.219,-8.7421,53,"spain","traffic","urban",2005-06-30 00:00:00,2021-02-15 01:00:00,"Vigo",295364,"Arenal"
"es1137a","no2","ARENAL",42.219,-8.7421,53,"spain","traffic","urban",2005-06-30 00:00:00,2021-02-15 01:00:00,"Vigo",295364,"Arenal"
"es1137a","o3","ARENAL",42.219,-8.7421,53,"spain","traffic","urban",2005-06-30 00:00:00,2021-02-15 01:00:00,"Vigo",295364,"Arenal"
"es1137a","pm10","ARENAL",42.219,-8.7421,53,"spain","traffic","urban",2005-06-30 00:00:00,2021-02-15 01:00:00,"Vigo",295364,"Arenal"
"es1137a","pm2.5","ARENAL",42.219,-8.7421,53,"spain","traffic","urban",2005-06-30 00:00:00,2021-02-15 01:00:00,"Vigo",295364,"Arenal"
"es1160a","no","BURGOS 1",42.35083,-3.67556,929,"spain","traffic","urban",2005-01-01 00:00:00,2021-02-15 01:00:00,"Burgos",175821,"Burgos 1"
"es1160a","no2","BURGOS 1",42.35083,-3.67556,929,"spain","traffic","urban",2005-01-01 00:00:00,2021-02-15 01:00:00,"Burgos",175821,"Burgos 1"
"es1160a","pm10","BURGOS 1",42.35083,-3.67556,929,"spain","traffic","urban",2005-01-01 00:00:00,2021-02-15 01:00:00,"Burgos",175821,"Burgos 1"
"es1161a","no","BARRIO PINILLA",42.60388888,-5.58722222,838,"spain","traffic","urban",1997-01-01 00:00:00,2021-02-15 01:00:00,"León",124303,"BARRIO PINILLA"
"es1161a","no2","BARRIO PINILLA",42.60388888,-5.58722222,838,"spain","traffic","urban",1997-01-01 00:00:00,2021-02-15 01:00:00,"León",124303,"BARRIO PINILLA"
"es1161a","pm10","BARRIO PINILLA",42.60388888,-5.58722222,838,"spain","traffic","urban",1997-01-01 00:00:00,2021-02-15 01:00:00,"León",124303,"BARRIO PINILLA"
"es1181a","no","QUART DE POBLET",39.48111111,-0.44722222,41,"spain","traffic","urban",1997-01-01 00:00:00,2021-02-15 00:00:00,"Valencia",24760,"QUART DE POBLET"
"es1181a","no2","QUART DE POBLET",39.48111111,-0.44722222,41,"spain","traffic","urban",1997-01-01 00:00:00,2021-02-15 00:00:00,"Valencia",24760,"QUART DE POBLET"
"es1181a","o3","QUART DE POBLET",39.48111111,-0.44722222,41,"spain","traffic","urban",1997-01-01 00:00:00,2021-02-15 00:00:00,"Valencia",24760,"QUART DE POBLET"
"es1181a","pm10","QUART DE POBLET",39.48111111,-0.44722222,41,"spain","traffic","urban",1997-01-01 00:00:00,2021-02-15 00:00:00,"Valencia",24760,"QUART DE POBLET"
"es1181a","pm2.5","QUART DE POBLET",39.48111111,-0.44722222,41,"spain","traffic","urban",1997-01-01 00:00:00,2021-02-15 00:00:00,"Valencia",24760,"QUART DE POBLET"
"es1225a","no","Lleida (Irurita - Pius XII)",41.615794867,0.615725897,220,"spain","traffic","urban",1999-01-01 00:00:00,2021-02-15 01:00:00,"Lleida",138956,"Lleida (Irurita - Pius XII)"
"es1225a","no2","Lleida (Irurita - Pius XII)",41.615794867,0.615725897,220,"spain","traffic","urban",1999-01-01 00:00:00,2021-02-15 01:00:00,"Lleida",138956,"Lleida (Irurita - Pius XII)"
"es1225a","o3","Lleida (Irurita - Pius XII)",41.615794867,0.615725897,220,"spain","traffic","urban",1999-01-01 00:00:00,2021-02-15 01:00:00,"Lleida",138956,"Lleida (Irurita - Pius XII)"
"es1239a","no","VALÈNCIA-PISTA DE SILLA",39.45611111,-0.37583333,11,"spain","traffic","urban",1997-01-01 00:00:00,2021-02-15 00:00:00,"Valencia",794288,"Pista de Silla"
"es1239a","no2","VALÈNCIA-PISTA DE SILLA",39.45611111,-0.37583333,11,"spain","traffic","urban",1997-01-01 00:00:00,2021-02-15 00:00:00,"Valencia",794288,"Pista de Silla"
"es1239a","o3","VALÈNCIA-PISTA DE SILLA",39.45611111,-0.37583333,11,"spain","traffic","urban",1997-01-01 00:00:00,2021-02-15 00:00:00,"Valencia",794288,"Pista de Silla"
"es1239a","pm2.5","VALÈNCIA-PISTA DE SILLA",39.45611111,-0.37583333,11,"spain","traffic","urban",1997-01-01 00:00:00,2021-02-15 00:00:00,"Valencia",794288,"Pista de Silla"
"es1244a","no","MAZARREDO",43.2675,-2.9352,33,"spain","traffic","urban",1997-01-01 00:00:00,2021-02-15 01:00:00,"Bilbao",346844,"MAZARREDO"
"es1244a","no2","MAZARREDO",43.2675,-2.9352,33,"spain","traffic","urban",1997-01-01 00:00:00,2021-02-15 01:00:00,"Bilbao",346844,"MAZARREDO"
"es1244a","pm10","MAZARREDO",43.2675,-2.9352,33,"spain","traffic","urban",1997-01-01 00:00:00,2021-02-15 01:00:00,"Bilbao",346844,"MAZARREDO"
"es1262a","no","Sabadell (Gran Via)",41.561175397,2.101405057,210,"spain","traffic","urban",1997-01-01 00:00:00,2021-02-15 01:00:00,"Sabadell",213644,"Sabadell (Gran Via)"
"es1262a","no2","Sabadell (Gran Via)",41.561175397,2.101405057,210,"spain","traffic","urban",1997-01-01 00:00:00,2021-02-15 01:00:00,"Sabadell",213644,"Sabadell (Gran Via)"
"es1262a","o3","Sabadell (Gran Via)",41.561175397,2.101405057,210,"spain","traffic","urban",1997-01-01 00:00:00,2021-02-15 01:00:00,"Sabadell",213644,"Sabadell (Gran Via)"
"es1268a","no","PLAZA DE TOROS",43.3583,-5.8664,267,"spain","traffic","urban",1997-01-01 00:00:00,2021-02-15 01:00:00,"Oviedo",219687,"PLAZA DE TOROS"
"es1268a","no2","PLAZA DE TOROS",43.3583,-5.8664,267,"spain","traffic","urban",1997-01-01 00:00:00,2021-02-15 01:00:00,"Oviedo",219687,"PLAZA DE TOROS"
"es1268a","o3","PLAZA DE TOROS",43.3583,-5.8664,267,"spain","traffic","urban",1997-01-01 00:00:00,2021-02-15 01:00:00,"Oviedo",219687,"PLAZA DE TOROS"
"es1268a","pm10","PLAZA DE TOROS",43.3583,-5.8664,267,"spain","traffic","urban",1997-01-01 00:00:00,2021-02-15 01:00:00,"Oviedo",219687,"PLAZA DE TOROS"
"es1269a","no","PALACIO DE DEPORTES",43.3665,-5.833,180,"spain","traffic","urban",2002-01-01 00:00:00,2021-02-15 01:00:00,"Oviedo",219686,"Palacio de Deportes"
"es1269a","no2","PALACIO DE DEPORTES",43.3665,-5.833,180,"spain","traffic","urban",2002-01-01 00:00:00,2021-02-15 01:00:00,"Oviedo",219686,"Palacio de Deportes"
"es1269a","o3","PALACIO DE DEPORTES",43.3665,-5.833,180,"spain","traffic","urban",2002-01-01 00:00:00,2021-02-15 01:00:00,"Oviedo",219686,"Palacio de Deportes"
"es1269a","pm10","PALACIO DE DEPORTES",43.3665,-5.833,180,"spain","traffic","urban",2002-01-01 00:00:00,2021-02-15 01:00:00,"Oviedo",219686,"Palacio de Deportes"
"es1270a","no","HERMANOS FELGUEROSO",43.5352,-5.6583,18,"spain","traffic","urban",2002-01-01 00:00:00,2021-02-10 11:00:00,"Gijón",271780,"Hermanos Felgueroso"
"es1270a","no2","HERMANOS FELGUEROSO",43.5352,-5.6583,18,"spain","traffic","urban",2002-01-01 00:00:00,2021-02-10 11:00:00,"Gijón",271780,"Hermanos Felgueroso"
"es1270a","o3","HERMANOS FELGUEROSO",43.5352,-5.6583,18,"spain","traffic","urban",2002-01-01 00:00:00,2021-02-10 11:00:00,"Gijón",271780,"Hermanos Felgueroso"
"es1270a","pm10","HERMANOS FELGUEROSO",43.5352,-5.6583,18,"spain","traffic","urban",2002-01-01 00:00:00,2021-02-10 11:00:00,"Gijón",271780,"Hermanos Felgueroso"
"es1271a","no","ARGENTINA",43.5388,-5.6989,9,"spain","traffic","urban",2002-01-01 00:00:00,2021-02-15 01:00:00,"Gijón",271782,"ARGENTINA"
"es1271a","no2","ARGENTINA",43.5388,-5.6989,9,"spain","traffic","urban",2002-01-01 00:00:00,2021-02-15 01:00:00,"Gijón",271782,"ARGENTINA"
"es1271a","o3","ARGENTINA",43.5388,-5.6989,9,"spain","traffic","urban",2002-01-01 00:00:00,2021-02-15 01:00:00,"Gijón",271782,"ARGENTINA"
"es1271a","pm10","ARGENTINA",43.5388,-5.6989,9,"spain","traffic","urban",2002-01-01 00:00:00,2021-02-15 01:00:00,"Gijón",271782,"ARGENTINA"
"es1272a","no","CONSTITUCIÓN",43.5299,-5.6735,19,"spain","traffic","urban",2002-01-01 00:00:00,2021-02-15 01:00:00,"Gijón",271781,"CONSTITUCIÓN"
"es1272a","no2","CONSTITUCIÓN",43.5299,-5.6735,19,"spain","traffic","urban",2002-01-01 00:00:00,2021-02-15 01:00:00,"Gijón",271781,"CONSTITUCIÓN"
"es1272a","o3","CONSTITUCIÓN",43.5299,-5.6735,19,"spain","traffic","urban",2002-01-01 00:00:00,2021-02-15 01:00:00,"Gijón",271781,"CONSTITUCIÓN"
"es1272a","pm10","CONSTITUCIÓN",43.5299,-5.6735,19,"spain","traffic","urban",2002-01-01 00:00:00,2021-02-15 01:00:00,"Gijón",271781,"CONSTITUCIÓN"
"es1272a","pm2.5","CONSTITUCIÓN",43.5299,-5.6735,19,"spain","traffic","urban",2002-01-01 00:00:00,2021-02-15 01:00:00,"Gijón",271781,"CONSTITUCIÓN"
"es1340a","no","POZO DULCE",37.25336,-6.93514,18,"spain","traffic","urban",1997-01-01 00:00:00,2021-02-15 01:00:00,"Huelva",143663,"POZO DULCE"
"es1340a","no2","POZO DULCE",37.25336,-6.93514,18,"spain","traffic","urban",1997-01-01 00:00:00,2021-02-15 01:00:00,"Huelva",143663,"POZO DULCE"
"es1340a","pm10","POZO DULCE",37.25336,-6.93514,18,"spain","traffic","urban",1997-01-01 00:00:00,2021-02-15 01:00:00,"Huelva",143663,"POZO DULCE"
"es1358a","no","AVENIDA DE CASTILLA",43.5378,-5.6461,5,"spain","traffic","urban",1997-01-01 00:00:00,2021-02-15 01:00:00,"Gijón",271783,"AVENIDA DE CASTILLA"
"es1358a","no2","AVENIDA DE CASTILLA",43.5378,-5.6461,5,"spain","traffic","urban",1997-01-01 00:00:00,2021-02-15 01:00:00,"Gijón",271783,"AVENIDA DE CASTILLA"
"es1358a","o3","AVENIDA DE CASTILLA",43.5378,-5.6461,5,"spain","traffic","urban",1997-01-01 00:00:00,2021-02-15 01:00:00,"Gijón",271783,"AVENIDA DE CASTILLA"
"es1358a","pm10","AVENIDA DE CASTILLA",43.5378,-5.6461,5,"spain","traffic","urban",1997-01-01 00:00:00,2021-02-15 01:00:00,"Gijón",271783,"AVENIDA DE CASTILLA"
"es1393a","no","MEDITERRÁNEO",36.84133,-2.44672,51,"spain","traffic","urban",2002-01-01 00:00:00,2021-02-15 01:00:00,"Almería",198533,"MEDITERRÁNEO"
"es1393a","no2","MEDITERRÁNEO",36.84133,-2.44672,51,"spain","traffic","urban",2002-01-01 00:00:00,2021-02-15 01:00:00,"Almería",198533,"MEDITERRÁNEO"
"es1393a","o3","MEDITERRÁNEO",36.84133,-2.44672,51,"spain","traffic","urban",2002-01-01 00:00:00,2021-02-15 01:00:00,"Almería",198533,"MEDITERRÁNEO"
"es1426a","no","MORATALAZ",40.40805555,-3.64527777,685,"spain","traffic","urban",1997-01-01 00:00:00,2021-02-15 00:00:00,"Madrid",3266130,"MORATALAZ"
"es1426a","no2","MORATALAZ",40.40805555,-3.64527777,685,"spain","traffic","urban",1997-01-01 00:00:00,2021-02-15 00:00:00,"Madrid",3266130,"MORATALAZ"
"es1426a","pm10","MORATALAZ",40.40805555,-3.64527777,685,"spain","traffic","urban",1997-01-01 00:00:00,2021-02-15 00:00:00,"Madrid",3266130,"MORATALAZ"
"es1438a","no","Barcelona (l'Eixample)",41.385343284,2.15382196,26,"spain","traffic","urban",1997-01-01 00:00:00,2021-02-15 01:00:00,"Barcelona",1636763,"Barcelona (l'Eixample)"
"es1438a","no2","Barcelona (l'Eixample)",41.385343284,2.15382196,26,"spain","traffic","urban",1997-01-01 00:00:00,2021-02-15 01:00:00,"Barcelona",1636763,"Barcelona (l'Eixample)"
"es1438a","o3","Barcelona (l'Eixample)",41.385343284,2.15382196,26,"spain","traffic","urban",1997-01-01 00:00:00,2021-02-15 01:00:00,"Barcelona",1636763,"Barcelona (l'Eixample)"
"es1480a","no","Barcelona (Gràcia - Sant Gervasi)",41.398743251,2.153385124,57,"spain","traffic","urban",1997-11-04 00:00:00,2021-02-15 01:00:00,"Barcelona",1636762,"Gràcia-Sant Gervasi"
"es1480a","no2","Barcelona (Gràcia - Sant Gervasi)",41.398743251,2.153385124,57,"spain","traffic","urban",1997-11-04 00:00:00,2021-02-15 01:00:00,"Barcelona",1636762,"Gràcia-Sant Gervasi"
"es1480a","o3","Barcelona (Gràcia - Sant Gervasi)",41.398743251,2.153385124,57,"spain","traffic","urban",1997-11-04 00:00:00,2021-02-15 01:00:00,"Barcelona",1636762,"Gràcia-Sant Gervasi"
"es1492a","no","TRES MARZO",42.85607,-2.66779,518,"spain","traffic","urban",1998-04-01 00:00:00,2021-02-15 00:00:00,"Vitoria",251775,"TRES MARZO"
"es1492a","no2","TRES MARZO",42.85607,-2.66779,518,"spain","traffic","urban",1998-04-01 00:00:00,2021-02-15 00:00:00,"Vitoria",251775,"TRES MARZO"
"es1492a","pm10","TRES MARZO",42.85607,-2.66779,518,"spain","traffic","urban",1998-04-01 00:00:00,2021-02-15 00:00:00,"Vitoria",251775,"TRES MARZO"
"es1492a","pm2.5","TRES MARZO",42.85607,-2.66779,518,"spain","traffic","urban",1998-04-01 00:00:00,2021-02-15 00:00:00,"Vitoria",251775,"TRES MARZO"
"es1494a","no","ATEGORRIETA",43.322,-1.9607,23,"spain","traffic","urban",1998-04-01 00:00:00,2021-02-15 00:00:00,"San Sebastián",187416,"ATEGORRIETA"
"es1494a","no2","ATEGORRIETA",43.322,-1.9607,23,"spain","traffic","urban",1998-04-01 00:00:00,2021-02-15 00:00:00,"San Sebastián",187416,"ATEGORRIETA"
"es1494a","pm10","ATEGORRIETA",43.322,-1.9607,23,"spain","traffic","urban",1998-04-01 00:00:00,2021-02-15 00:00:00,"San Sebastián",187416,"ATEGORRIETA"
"es1494a","pm2.5","ATEGORRIETA",43.322,-1.9607,23,"spain","traffic","urban",1998-04-01 00:00:00,2021-02-15 00:00:00,"San Sebastián",187416,"ATEGORRIETA"
"es1502a","no","AVENIDA GASTEIZ",42.8548,-2.6807,517,"spain","traffic","urban",2001-01-01 00:00:00,2021-02-15 01:00:00,"Vitoria",251774,"Avenida de Gasteiz"
"es1502a","no2","AVENIDA GASTEIZ",42.8548,-2.6807,517,"spain","traffic","urban",2001-01-01 00:00:00,2021-02-15 01:00:00,"Vitoria",251774,"Avenida de Gasteiz"
"es1502a","pm10","AVENIDA GASTEIZ",42.8548,-2.6807,517,"spain","traffic","urban",2001-01-01 00:00:00,2021-02-15 01:00:00,"Vitoria",251774,"Avenida de Gasteiz"
"es1521a","no","BARRIO DEL PILAR",40.47833333,-3.71138888,673,"spain","traffic","urban",2002-01-01 00:00:00,2021-02-15 00:00:00,"Madrid",3266131,"BARRIO DEL PILAR"
"es1521a","no2","BARRIO DEL PILAR",40.47833333,-3.71138888,673,"spain","traffic","urban",2002-01-01 00:00:00,2021-02-15 00:00:00,"Madrid",3266131,"BARRIO DEL PILAR"
"es1521a","o3","BARRIO DEL PILAR",40.47833333,-3.71138888,673,"spain","traffic","urban",2002-01-01 00:00:00,2021-02-15 00:00:00,"Madrid",3266131,"BARRIO DEL PILAR"
"es1525a","no","CUATRO CAMINOS-PABLO IGLESIAS",40.44527777,-3.70638888,699,"spain","traffic","urban",2002-01-01 00:00:00,2021-02-15 00:00:00,"Madrid",3266132,"CUATRO CAMINOS-PABLO IGLESIAS"
"es1525a","no2","CUATRO CAMINOS-PABLO IGLESIAS",40.44527777,-3.70638888,699,"spain","traffic","urban",2002-01-01 00:00:00,2021-02-15 00:00:00,"Madrid",3266132,"CUATRO CAMINOS-PABLO IGLESIAS"
"es1525a","pm10","CUATRO CAMINOS-PABLO IGLESIAS",40.44527777,-3.70638888,699,"spain","traffic","urban",2002-01-01 00:00:00,2021-02-15 00:00:00,"Madrid",3266132,"CUATRO CAMINOS-PABLO IGLESIAS"
"es1525a","pm2.5","CUATRO CAMINOS-PABLO IGLESIAS",40.44527777,-3.70638888,699,"spain","traffic","urban",2002-01-01 00:00:00,2021-02-15 00:00:00,"Madrid",3266132,"CUATRO CAMINOS-PABLO IGLESIAS"
"es1560a","no","GRANADA - NORTE",37.1961,-3.61266,689,"spain","traffic","urban",2001-01-01 00:00:00,2021-02-15 01:00:00,"Granada",232462,"Norte"
"es1560a","no2","GRANADA - NORTE",37.1961,-3.61266,689,"spain","traffic","urban",2001-01-01 00:00:00,2021-02-15 01:00:00,"Granada",232462,"Norte"
"es1563a","no","ALCAL� DE HENARES",40.479328,-3.377949,589,"spain","traffic","urban",2001-01-01 00:00:00,2021-02-15 01:00:00,"Alcalá de Henares",195649,"Alcalá de Henares"
"es1563a","no2","ALCAL� DE HENARES",40.479328,-3.377949,589,"spain","traffic","urban",2001-01-01 00:00:00,2021-02-15 01:00:00,"Alcalá de Henares",195649,"Alcalá de Henares"
"es1563a","o3","ALCAL� DE HENARES",40.479328,-3.377949,589,"spain","traffic","urban",2001-01-01 00:00:00,2021-02-15 01:00:00,"Alcalá de Henares",195649,"Alcalá de Henares"
"es1563a","pm10","ALCAL� DE HENARES",40.479328,-3.377949,589,"spain","traffic","urban",2001-01-01 00:00:00,2021-02-15 01:00:00,"Alcalá de Henares",195649,"Alcalá de Henares"
"es1564a","no","ALCOBENDAS",40.540351,-3.645253,671,"spain","traffic","urban",2001-01-01 00:00:00,2021-02-15 01:00:00,"Alcobendas",117040,"Alcobendas"
"es1564a","no2","ALCOBENDAS",40.540351,-3.645253,671,"spain","traffic","urban",2001-01-01 00:00:00,2021-02-15 01:00:00,"Alcobendas",117040,"Alcobendas"
"es1564a","o3","ALCOBENDAS",40.540351,-3.645253,671,"spain","traffic","urban",2001-01-01 00:00:00,2021-02-15 01:00:00,"Alcobendas",117040,"Alcobendas"
"es1564a","pm10","ALCOBENDAS",40.540351,-3.645253,671,"spain","traffic","urban",2001-01-01 00:00:00,2021-02-15 01:00:00,"Alcobendas",117040,"Alcobendas"
"es1567a","no","LEGAN�S",40.3397,-3.7545,640,"spain","traffic","urban",2001-01-01 00:00:00,2021-02-15 01:00:00,"Leganés",189861,"Leganés"
"es1567a","no2","LEGAN�S",40.3397,-3.7545,640,"spain","traffic","urban",2001-01-01 00:00:00,2021-02-15 01:00:00,"Leganés",189861,"Leganés"
"es1567a","o3","LEGAN�S",40.3397,-3.7545,640,"spain","traffic","urban",2001-01-01 00:00:00,2021-02-15 01:00:00,"Leganés",189861,"Leganés"
"es1567a","pm10","LEGAN�S",40.3397,-3.7545,640,"spain","traffic","urban",2001-01-01 00:00:00,2021-02-15 01:00:00,"Leganés",189861,"Leganés"
"es1573a","no","MERCADO CENTRAL",28.133732,-15.432823,11,"spain","traffic","urban",2001-01-01 00:00:00,2021-02-15 01:00:00,"Las Palmas de Gran Canaria",379925,"Mercado Central"
"es1573a","no2","MERCADO CENTRAL",28.133732,-15.432823,11,"spain","traffic","urban",2001-01-01 00:00:00,2021-02-15 01:00:00,"Las Palmas de Gran Canaria",379925,"Mercado Central"
"es1573a","o3","MERCADO CENTRAL",28.133732,-15.432823,11,"spain","traffic","urban",2001-01-01 00:00:00,2021-02-15 01:00:00,"Las Palmas de Gran Canaria",379925,"Mercado Central"
"es1573a","pm10","MERCADO CENTRAL",28.133732,-15.432823,11,"spain","traffic","urban",2001-01-01 00:00:00,2021-02-15 01:00:00,"Las Palmas de Gran Canaria",379925,"Mercado Central"
"es1573a","pm2.5","MERCADO CENTRAL",28.133732,-15.432823,11,"spain","traffic","urban",2001-01-01 00:00:00,2021-02-15 01:00:00,"Las Palmas de Gran Canaria",379925,"Mercado Central"
"es1580a","no","SANTANDER CENTRO",43.46056,-3.80861,9,"spain","traffic","urban",2002-01-01 00:00:00,2021-02-15 00:00:00,"Santander",172539,"Centro"
"es1580a","no2","SANTANDER CENTRO",43.46056,-3.80861,9,"spain","traffic","urban",2002-01-01 00:00:00,2021-02-15 00:00:00,"Santander",172539,"Centro"
"es1580a","pm10","SANTANDER CENTRO",43.46056,-3.80861,9,"spain","traffic","urban",2002-01-01 00:00:00,2021-02-15 00:00:00,"Santander",172539,"Centro"
"es1610a","no","FONERS",39.57008,2.65583,23,"spain","traffic","urban",2001-10-08 00:00:00,2021-02-15 01:00:00,"Palma",416065,"Foners"
"es1610a","no2","FONERS",39.57008,2.65583,23,"spain","traffic","urban",2001-10-08 00:00:00,2021-02-15 01:00:00,"Palma",416065,"Foners"
"es1610a","o3","FONERS",39.57008,2.65583,23,"spain","traffic","urban",2001-10-08 00:00:00,2021-02-15 01:00:00,"Palma",416065,"Foners"
"es1610a","pm10","FONERS",39.57008,2.65583,23,"spain","traffic","urban",2001-10-08 00:00:00,2021-02-15 01:00:00,"Palma",416065,"Foners"
"es1618a","no","SALAMANCA 5",40.97916666,-5.66527777,797,"spain","traffic","urban",2003-01-01 00:00:00,2021-02-15 01:00:00,"Salamanca",144228,"SALAMANCA 5"
"es1618a","no2","SALAMANCA 5",40.97916666,-5.66527777,797,"spain","traffic","urban",2003-01-01 00:00:00,2021-02-15 01:00:00,"Salamanca",144228,"SALAMANCA 5"
"es1618a","pm10","SALAMANCA 5",40.97916666,-5.66527777,797,"spain","traffic","urban",2003-01-01 00:00:00,2021-02-15 01:00:00,"Salamanca",144228,"SALAMANCA 5"
"es1625a","no","BURJASSOT - FACULTATS",39.50944444,-0.41777777,25,"spain","traffic","urban",2003-01-01 00:00:00,2021-02-15 00:00:00,"Valencia",38024,"BURJASSOT - FACULTATS"
"es1625a","no2","BURJASSOT - FACULTATS",39.50944444,-0.41777777,25,"spain","traffic","urban",2003-01-01 00:00:00,2021-02-15 00:00:00,"Valencia",38024,"BURJASSOT - FACULTATS"
"es1625a","o3","BURJASSOT - FACULTATS",39.50944444,-0.41777777,25,"spain","traffic","urban",2003-01-01 00:00:00,2021-02-15 00:00:00,"Valencia",38024,"BURJASSOT - FACULTATS"
"es1631a","no","ARCO DE LADRILLO II",41.64555555,-4.73027777,700,"spain","traffic","urban",2004-01-01 00:00:00,2021-02-14 23:00:00,"Valladolid",298412,"Arco de Ladrillo"
"es1631a","no2","ARCO DE LADRILLO II",41.64555555,-4.73027777,700,"spain","traffic","urban",2004-01-01 00:00:00,2021-02-14 23:00:00,"Valladolid",298412,"Arco de Ladrillo"
"es1632a","no","VEGA SICILIA",41.62055555,-4.74666666,690,"spain","traffic","urban",2002-05-06 00:00:00,2021-02-14 23:00:00,"Valladolid",298414,"VEGA SICILIA"
"es1632a","no2","VEGA SICILIA",41.62055555,-4.74666666,690,"spain","traffic","urban",2002-05-06 00:00:00,2021-02-14 23:00:00,"Valladolid",298414,"VEGA SICILIA"
"es1632a","pm10","VEGA SICILIA",41.62055555,-4.74666666,690,"spain","traffic","urban",2002-05-06 00:00:00,2021-02-14 23:00:00,"Valladolid",298414,"VEGA SICILIA"
"es1635a","no","ALACANT-EL PLÁ",38.35944444,-0.47194444,45,"spain","traffic","urban",2002-09-10 00:00:00,2021-02-15 00:00:00,"Alicante",334888,"ALACANT-EL PLÁ"
"es1635a","no2","ALACANT-EL PLÁ",38.35944444,-0.47194444,45,"spain","traffic","urban",2002-09-10 00:00:00,2021-02-15 00:00:00,"Alicante",334888,"ALACANT-EL PLÁ"
"es1635a","o3","ALACANT-EL PLÁ",38.35944444,-0.47194444,45,"spain","traffic","urban",2002-09-10 00:00:00,2021-02-15 00:00:00,"Alicante",334888,"ALACANT-EL PLÁ"
"es1673a","no","LOS HERRAN",42.84361111,-2.66138888,50,"spain","traffic","urban",2005-01-01 00:00:00,2021-02-15 01:00:00,"Vitoria",251776,"LOS HERRAN"
"es1673a","no2","LOS HERRAN",42.84361111,-2.66138888,50,"spain","traffic","urban",2005-01-01 00:00:00,2021-02-15 01:00:00,"Vitoria",251776,"LOS HERRAN"
"es1673a","pm10","LOS HERRAN",42.84361111,-2.66138888,50,"spain","traffic","urban",2005-01-01 00:00:00,2021-02-15 01:00:00,"Vitoria",251776,"LOS HERRAN"
"es1673a","pm2.5","LOS HERRAN",42.84361111,-2.66138888,50,"spain","traffic","urban",2005-01-01 00:00:00,2021-02-15 01:00:00,"Vitoria",251776,"LOS HERRAN"
"es1697a","no","AVENIDA TOLOSA",43.3094,-2.0109,3,"spain","traffic","urban",2004-02-25 00:00:00,2021-02-15 00:00:00,"San Sebastián",187417,"AVENIDA TOLOSA"
"es1697a","no2","AVENIDA TOLOSA",43.3094,-2.0109,3,"spain","traffic","urban",2004-02-25 00:00:00,2021-02-15 00:00:00,"San Sebastián",187417,"AVENIDA TOLOSA"
"es1697a","o3","AVENIDA TOLOSA",43.3094,-2.0109,3,"spain","traffic","urban",2004-02-25 00:00:00,2021-02-15 00:00:00,"San Sebastián",187417,"AVENIDA TOLOSA"
"es1697a","pm10","AVENIDA TOLOSA",43.3094,-2.0109,3,"spain","traffic","urban",2004-02-25 00:00:00,2021-02-15 00:00:00,"San Sebastián",187417,"AVENIDA TOLOSA"
"es1697a","pm2.5","AVENIDA TOLOSA",43.3094,-2.0109,3,"spain","traffic","urban",2004-02-25 00:00:00,2021-02-15 00:00:00,"San Sebastián",187417,"AVENIDA TOLOSA"
"es1740a","no","PLAZA DE LA CRUZ",42.81222,-1.64,455,"spain","traffic","urban",2005-01-01 00:00:00,2020-09-14 04:00:00,"Pamplona",201653,"Plaza de la Cruz"
"es1740a","no2","PLAZA DE LA CRUZ",42.81222,-1.64,455,"spain","traffic","urban",2005-01-01 00:00:00,2020-09-14 04:00:00,"Pamplona",201653,"Plaza de la Cruz"
"es1740a","o3","PLAZA DE LA CRUZ",42.81222,-1.64,455,"spain","traffic","urban",2005-01-01 00:00:00,2020-09-14 04:00:00,"Pamplona",201653,"Plaza de la Cruz"
"es1740a","pm10","PLAZA DE LA CRUZ",42.81222,-1.64,455,"spain","traffic","urban",2005-01-01 00:00:00,2020-09-14 04:00:00,"Pamplona",201653,"Plaza de la Cruz"
"es1834a","no","CASTELLÓ-PATRONAT D'ESPORTS",39.98888888,-0.02611111,18,"spain","traffic","urban",2006-02-07 00:00:00,2021-02-15 00:00:00,"Castellón de la Plana",171728,"Patronat d'Esports"
"es1834a","no2","CASTELLÓ-PATRONAT D'ESPORTS",39.98888888,-0.02611111,18,"spain","traffic","urban",2006-02-07 00:00:00,2021-02-15 00:00:00,"Castellón de la Plana",171728,"Patronat d'Esports"
"es1834a","o3","CASTELLÓ-PATRONAT D'ESPORTS",39.98888888,-0.02611111,18,"spain","traffic","urban",2006-02-07 00:00:00,2021-02-15 00:00:00,"Castellón de la Plana",171728,"Patronat d'Esports"
"es1836a","no","LAS FUENTES",41.64222,-0.86194,198,"spain","traffic","urban",2006-07-06 00:00:00,2021-02-15 01:00:00,"Zaragoza",674999,"LAS FUENTES"
"es1836a","no2","LAS FUENTES",41.64222,-0.86194,198,"spain","traffic","urban",2006-07-06 00:00:00,2021-02-15 01:00:00,"Zaragoza",674999,"LAS FUENTES"
"es1836a","o3","LAS FUENTES",41.64222,-0.86194,198,"spain","traffic","urban",2006-07-06 00:00:00,2021-02-15 01:00:00,"Zaragoza",674999,"LAS FUENTES"
"es1836a","pm10","LAS FUENTES",41.64222,-0.86194,198,"spain","traffic","urban",2006-07-06 00:00:00,2021-02-15 01:00:00,"Zaragoza",674999,"LAS FUENTES"
"es1837a","o3","CENTRO",41.64833,-0.88389,210,"spain","traffic","urban",2006-10-20 00:00:00,2021-02-15 01:00:00,"Zaragoza",674997,"Centro"
"es1849a","no","ELX-PARC DE BOMBERS",38.25916666,-0.7175,99,"spain","traffic","urban",2007-07-17 00:00:00,2021-02-15 00:00:00,"Elche",232517,"ELX-PARC DE BOMBERS"
"es1849a","no2","ELX-PARC DE BOMBERS",38.25916666,-0.7175,99,"spain","traffic","urban",2007-07-17 00:00:00,2021-02-15 00:00:00,"Elche",232517,"ELX-PARC DE BOMBERS"
"es1849a","o3","ELX-PARC DE BOMBERS",38.25916666,-0.7175,99,"spain","traffic","urban",2007-07-17 00:00:00,2021-02-15 00:00:00,"Elche",232517,"ELX-PARC DE BOMBERS"
"es1912a","no","VALÈNCIA - AVD. FRANCIA",39.4575,-0.34277777,7,"spain","traffic","urban",2009-01-01 00:00:00,2021-02-15 00:00:00,"Valencia",794289,"VALÈNCIA - AVD. FRANCIA"
"es1912a","no2","VALÈNCIA - AVD. FRANCIA",39.4575,-0.34277777,7,"spain","traffic","urban",2009-01-01 00:00:00,2021-02-15 00:00:00,"Valencia",794289,"VALÈNCIA - AVD. FRANCIA"
"es1912a","o3","VALÈNCIA - AVD. FRANCIA",39.4575,-0.34277777,7,"spain","traffic","urban",2009-01-01 00:00:00,2021-02-15 00:00:00,"Valencia",794289,"VALÈNCIA - AVD. FRANCIA"
"es1912a","pm10","VALÈNCIA - AVD. FRANCIA",39.4575,-0.34277777,7,"spain","traffic","urban",2009-01-01 00:00:00,2021-02-15 00:00:00,"Valencia",794289,"VALÈNCIA - AVD. FRANCIA"
"es1912a","pm2.5","VALÈNCIA - AVD. FRANCIA",39.4575,-0.34277777,7,"spain","traffic","urban",2009-01-01 00:00:00,2021-02-15 00:00:00,"Valencia",794289,"VALÈNCIA - AVD. FRANCIA"
"es1938a","no","CASTELLANA",40.43972222,-3.69027777,676,"spain","traffic","urban",2010-05-31 00:00:00,2021-02-15 00:00:00,"Madrid",3266133,"CASTELLANA"
"es1938a","no2","CASTELLANA",40.43972222,-3.69027777,676,"spain","traffic","urban",2010-05-31 00:00:00,2021-02-15 00:00:00,"Madrid",3266133,"CASTELLANA"
"es1938a","pm10","CASTELLANA",40.43972222,-3.69027777,676,"spain","traffic","urban",2010-05-31 00:00:00,2021-02-15 00:00:00,"Madrid",3266133,"CASTELLANA"
"es1938a","pm2.5","CASTELLANA",40.43972222,-3.69027777,676,"spain","traffic","urban",2010-05-31 00:00:00,2021-02-15 00:00:00,"Madrid",3266133,"CASTELLANA"
"es1940a","no","PLAZA CASTILLA-CANAL",40.46583333,-3.68833333,729,"spain","traffic","urban",2010-02-08 00:00:00,2021-02-15 00:00:00,"Madrid",3266134,"PLAZA CASTILLA-CANAL"
"es1940a","no2","PLAZA CASTILLA-CANAL",40.46583333,-3.68833333,729,"spain","traffic","urban",2010-02-08 00:00:00,2021-02-15 00:00:00,"Madrid",3266134,"PLAZA CASTILLA-CANAL"
"es1940a","pm10","PLAZA CASTILLA-CANAL",40.46583333,-3.68833333,729,"spain","traffic","urban",2010-02-08 00:00:00,2021-02-15 00:00:00,"Madrid",3266134,"PLAZA CASTILLA-CANAL"
"es1940a","pm2.5","PLAZA CASTILLA-CANAL",40.46583333,-3.68833333,729,"spain","traffic","urban",2010-02-08 00:00:00,2021-02-15 00:00:00,"Madrid",3266134,"PLAZA CASTILLA-CANAL"
"es1943a","no","PLAZA ELÍPTICA",40.3847,-3.7186,605,"spain","traffic","urban",2010-01-18 00:00:00,2021-02-15 00:00:00,"Madrid",3266135,"PLAZA ELÍPTICA"
"es1943a","no2","PLAZA ELÍPTICA",40.3847,-3.7186,605,"spain","traffic","urban",2010-01-18 00:00:00,2021-02-15 00:00:00,"Madrid",3266135,"PLAZA ELÍPTICA"
"es1970a","no","VALÈNCIA - BULEVARD SUD",39.45027777,-0.39638888,15,"spain","traffic","urban",2010-05-28 00:00:00,2021-02-15 00:00:00,"Valencia",794290,"VALÈNCIA - BULEVARD SUD"
"es1970a","no2","VALÈNCIA - BULEVARD SUD",39.45027777,-0.39638888,15,"spain","traffic","urban",2010-05-28 00:00:00,2021-02-15 00:00:00,"Valencia",794290,"VALÈNCIA - BULEVARD SUD"
"es1970a","o3","VALÈNCIA - BULEVARD SUD",39.45027777,-0.39638888,15,"spain","traffic","urban",2010-05-28 00:00:00,2021-02-15 00:00:00,"Valencia",794290,"VALÈNCIA - BULEVARD SUD"
"es1999a","no","Girona (Escola de Música)",41.976385751,2.816547298,73,"spain","traffic","urban",2011-05-18 00:00:00,2021-02-15 01:00:00,"Girona",101852,"Girona (Escola de Música)"
"es1999a","no2","Girona (Escola de Música)",41.976385751,2.816547298,73,"spain","traffic","urban",2011-05-18 00:00:00,2021-02-15 01:00:00,"Girona",101852,"Girona (Escola de Música)"
"es2010a","pm10","LA RUBIA II",41.63,-4.74055555,683,"spain","traffic","urban",2011-04-01 00:00:00,2021-02-14 23:00:00,"Valladolid",298415,"LA RUBIA II"
"es2010a","pm2.5","LA RUBIA II",41.63,-4.74055555,683,"spain","traffic","urban",2011-04-01 00:00:00,2021-02-14 23:00:00,"Valladolid",298415,"LA RUBIA II"
"es2030a","no","MARBELLA ARCO",36.511,-4.863,39,"spain","traffic","urban",2012-11-02 15:00:00,2021-02-15 01:00:00,"Marbella",143386,"MARBELLA ARCO"
"es2030a","no2","MARBELLA ARCO",36.511,-4.863,39,"spain","traffic","urban",2012-11-02 15:00:00,2021-02-15 01:00:00,"Marbella",143386,"MARBELLA ARCO"
"es2030a","o3","MARBELLA ARCO",36.511,-4.863,39,"spain","traffic","urban",2012-11-02 15:00:00,2021-02-15 01:00:00,"Marbella",143386,"MARBELLA ARCO"
"es2030a","pm10","MARBELLA ARCO",36.511,-4.863,39,"spain","traffic","urban",2012-11-02 15:00:00,2021-02-15 01:00:00,"Marbella",143386,"MARBELLA ARCO"
"es2031a","no","AVENIDA JUAN XXIII",36.7073,-4.446,380,"spain","traffic","urban",2013-01-01 00:00:00,2021-02-15 01:00:00,"Málaga",574654,"Avenida Juan XXXIII"
"es2031a","no2","AVENIDA JUAN XXIII",36.7073,-4.446,380,"spain","traffic","urban",2013-01-01 00:00:00,2021-02-15 01:00:00,"Málaga",574654,"Avenida Juan XXXIII"
