"site","process","variable","variable_long","period","unit","observation_count","Municipio","Población","Estación.tráfico"
"es0041a",31140,"no2","Nitrogen dioxide (air)","day","ug.m-3",151,"Bilbao",346843,"María Diaz de Haro"
"es0110a",31281,"o3","Ozone (air)","day","ug.m-3",4092,"Bilbao",24350,"Erandio"
"es0110a",31282,"o3","Ozone (air)","dymax","ug.m-3",4095,"Bilbao",24350,"Erandio"
"es0110a",31283,"o3","Ozone (air)","hour","ug.m-3",94149,"Bilbao",24350,"Erandio"
"es0110a",31284,"o3","Ozone (air)","hour8","ug.m-3",97891,"Bilbao",24350,"Erandio"
"es0110a",31285,"no2","Nitrogen dioxide (air)","day","ug.m-3",5324,"Bilbao",24350,"Erandio"
"es0110a",31286,"no2","Nitrogen dioxide (air)","hour","ug.m-3",125638,"Bilbao",24350,"Erandio"
"es0110a",31295,"no","Nitrogen monoxide (air)","day","ug.m-3",4278,"Bilbao",24350,"Erandio"
"es0110a",31296,"no","Nitrogen monoxide (air)","hour","ug.m-3",101361,"Bilbao",24350,"Erandio"
"es0110a",31297,"pm2.5","Particulate matter < 2.5 µm (aerosol)","day","ug.m-3",356,"Bilbao",24350,"Erandio"
"es0110a",31298,"pm2.5","Particulate matter < 2.5 µm (aerosol)","hour","ug.m-3",8136,"Bilbao",24350,"Erandio"
"es0110a",115310,"no2","Nitrogen dioxide (air)","hour","ug.m-3",40388,"Bilbao",24350,"Erandio"
"es0110a",115313,"no","Nitrogen monoxide (air)","hour","ug.m-3",40407,"Bilbao",24350,"Erandio"
"es0110a",115314,"pm2.5","Particulate matter < 2.5 µm (aerosol)","hour","ug.m-3",38706,"Bilbao",24350,"Erandio"
"es0110a",115309,"pm10","Particulate matter < 10 µm (aerosol)","hour","ug.m-3",37630,"Bilbao",24350,"Erandio"
"es0115a",31348,"o3","Ozone (air)","dymax","ug.m-3",2918,"Madrid",3266127,"PLAZA DE ESPAÑA"
"es0115a",31350,"o3","Ozone (air)","hour8","ug.m-3",69898,"Madrid",3266127,"PLAZA DE ESPAÑA"
"es0115a",31351,"no2","Nitrogen dioxide (air)","day","ug.m-3",2916,"Madrid",3266127,"PLAZA DE ESPAÑA"
"es0115a",31352,"no2","Nitrogen dioxide (air)","hour","ug.m-3",69476,"Madrid",3266127,"PLAZA DE ESPAÑA"
"es0115a",31349,"o3","Ozone (air)","hour","ug.m-3",69765,"Madrid",3266127,"PLAZA DE ESPAÑA"
"es0115a",31360,"no","Nitrogen monoxide (air)","hour","ug.m-3",34771,"Madrid",3266127,"PLAZA DE ESPAÑA"
"es0115a",31346,"pm10","Particulate matter < 10 µm (aerosol)","hour","ug.m-3",8649,"Madrid",3266127,"PLAZA DE ESPAÑA"
"es0115a",31347,"o3","Ozone (air)","day","ug.m-3",2918,"Madrid",3266127,"PLAZA DE ESPAÑA"
"es0115a",31359,"no","Nitrogen monoxide (air)","day","ug.m-3",1457,"Madrid",3266127,"PLAZA DE ESPAÑA"
"es0115a",31345,"pm10","Particulate matter < 10 µm (aerosol)","day","ug.m-3",363,"Madrid",3266127,"PLAZA DE ESPAÑA"
"es0115a",115317,"no2","Nitrogen dioxide (air)","hour","ug.m-3",52424,"Madrid",3266127,"PLAZA DE ESPAÑA"
"es0115a",115322,"no","Nitrogen monoxide (air)","hour","ug.m-3",52424,"Madrid",3266127,"PLAZA DE ESPAÑA"
"es0118a",31426,"pm10","Particulate matter < 10 µm (aerosol)","day","ug.m-3",1456,"Madrid",3266128,"ESCUELAS AGUIRRE"
"es0118a",31427,"pm10","Particulate matter < 10 µm (aerosol)","hour","ug.m-3",34699,"Madrid",3266128,"ESCUELAS AGUIRRE"
"es0118a",31453,"no","Nitrogen monoxide (air)","day","ug.m-3",1457,"Madrid",3266128,"ESCUELAS AGUIRRE"
"es0118a",31454,"no","Nitrogen monoxide (air)","hour","ug.m-3",34687,"Madrid",3266128,"ESCUELAS AGUIRRE"
"es0118a",31460,"pm2.5","Particulate matter < 2.5 µm (aerosol)","day","ug.m-3",1086,"Madrid",3266128,"ESCUELAS AGUIRRE"
"es0118a",31461,"pm2.5","Particulate matter < 2.5 µm (aerosol)","hour","ug.m-3",25851,"Madrid",3266128,"ESCUELAS AGUIRRE"
"es0118a",115347,"pm2.5","Particulate matter < 2.5 µm (aerosol)","hour","ug.m-3",51355,"Madrid",3266128,"ESCUELAS AGUIRRE"
"es0118a",31430,"o3","Ozone (air)","hour","ug.m-3",87158,"Madrid",3266128,"ESCUELAS AGUIRRE"
"es0118a",31431,"o3","Ozone (air)","hour8","ug.m-3",88185,"Madrid",3266128,"ESCUELAS AGUIRRE"
"es0118a",31428,"o3","Ozone (air)","day","ug.m-3",3686,"Madrid",3266128,"ESCUELAS AGUIRRE"
"es0118a",31429,"o3","Ozone (air)","dymax","ug.m-3",3685,"Madrid",3266128,"ESCUELAS AGUIRRE"
"es0118a",115326,"pm10","Particulate matter < 10 µm (aerosol)","hour","ug.m-3",34391,"Madrid",3266128,"ESCUELAS AGUIRRE"
"es0118a",115328,"o3","Ozone (air)","hour","ug.m-3",60630,"Madrid",3266128,"ESCUELAS AGUIRRE"
"es0118a",31432,"no2","Nitrogen dioxide (air)","day","ug.m-3",1822,"Madrid",3266128,"ESCUELAS AGUIRRE"
"es0118a",31433,"no2","Nitrogen dioxide (air)","hour","ug.m-3",43411,"Madrid",3266128,"ESCUELAS AGUIRRE"
"es0118a",115330,"no2","Nitrogen dioxide (air)","hour","ug.m-3",51969,"Madrid",3266128,"ESCUELAS AGUIRRE"
"es0118a",115339,"no","Nitrogen monoxide (air)","hour","ug.m-3",51969,"Madrid",3266128,"ESCUELAS AGUIRRE"
"es0120a",31483,"pm10","Particulate matter < 10 µm (aerosol)","hour","ug.m-3",8713,"Madrid",3266129,"RAMÓN Y CAJAL"
"es0120a",31484,"o3","Ozone (air)","day","ug.m-3",2919,"Madrid",3266129,"RAMÓN Y CAJAL"
"es0120a",31482,"pm10","Particulate matter < 10 µm (aerosol)","day","ug.m-3",365,"Madrid",3266129,"RAMÓN Y CAJAL"
"es0120a",115348,"no2","Nitrogen dioxide (air)","hour","ug.m-3",52402,"Madrid",3266129,"RAMÓN Y CAJAL"
"es0120a",115355,"no","Nitrogen monoxide (air)","hour","ug.m-3",52401,"Madrid",3266129,"RAMÓN Y CAJAL"
"es0120a",31487,"o3","Ozone (air)","hour8","ug.m-3",69959,"Madrid",3266129,"RAMÓN Y CAJAL"
"es0120a",31488,"no2","Nitrogen dioxide (air)","day","ug.m-3",1826,"Madrid",3266129,"RAMÓN Y CAJAL"
"es0120a",31485,"o3","Ozone (air)","dymax","ug.m-3",2919,"Madrid",3266129,"RAMÓN Y CAJAL"
"es0120a",31486,"o3","Ozone (air)","hour","ug.m-3",69690,"Madrid",3266129,"RAMÓN Y CAJAL"
"es0120a",31505,"no","Nitrogen monoxide (air)","hour","ug.m-3",34948,"Madrid",3266129,"RAMÓN Y CAJAL"
"es0120a",31489,"no2","Nitrogen dioxide (air)","hour","ug.m-3",43699,"Madrid",3266129,"RAMÓN Y CAJAL"
"es0120a",31504,"no","Nitrogen monoxide (air)","day","ug.m-3",1461,"Madrid",3266129,"RAMÓN Y CAJAL"
"es0817a",32733,"no2","Nitrogen dioxide (air)","hour","ug.m-3",131561,"Sevilla",688593,"LA RANILLA"
"es0817a",32732,"no2","Nitrogen dioxide (air)","day","ug.m-3",5606,"Sevilla",688593,"LA RANILLA"
"es0817a",32726,"pm10","Particulate matter < 10 µm (aerosol)","day","ug.m-3",2694,"Sevilla",688593,"LA RANILLA"
"es0817a",32727,"pm10","Particulate matter < 10 µm (aerosol)","hour","ug.m-3",63726,"Sevilla",688593,"LA RANILLA"
"es0817a",32728,"o3","Ozone (air)","day","ug.m-3",1918,"Sevilla",688593,"LA RANILLA"
"es0817a",32729,"o3","Ozone (air)","dymax","ug.m-3",1918,"Sevilla",688593,"LA RANILLA"
"es0817a",32730,"o3","Ozone (air)","hour","ug.m-3",45191,"Sevilla",688593,"LA RANILLA"
"es0817a",32731,"o3","Ozone (air)","hour8","ug.m-3",45706,"Sevilla",688593,"LA RANILLA"
"es0817a",32747,"no","Nitrogen monoxide (air)","day","ug.m-3",4534,"Sevilla",688593,"LA RANILLA"
"es0817a",32748,"no","Nitrogen monoxide (air)","hour","ug.m-3",106439,"Sevilla",688593,"LA RANILLA"
"es0817a",32752,"pm2.5","Particulate matter < 2.5 µm (aerosol)","day","ug.m-3",685,"Sevilla",688593,"LA RANILLA"
"es0817a",32753,"pm2.5","Particulate matter < 2.5 µm (aerosol)","hour","ug.m-3",15969,"Sevilla",688593,"LA RANILLA"
"es0817a",115740,"no2","Nitrogen dioxide (air)","hour","ug.m-3",50539,"Sevilla",688593,"LA RANILLA"
"es0817a",115746,"no","Nitrogen monoxide (air)","hour","ug.m-3",50579,"Sevilla",688593,"LA RANILLA"
"es0890a",32960,"pm10","Particulate matter < 10 µm (aerosol)","day","ug.m-3",1466,"Sevilla",688592,"Torneo"
"es0890a",32963,"o3","Ozone (air)","day","ug.m-3",3958,"Sevilla",688592,"Torneo"
"es0890a",32964,"o3","Ozone (air)","dymax","ug.m-3",3955,"Sevilla",688592,"Torneo"
"es0890a",32961,"pm10","Particulate matter < 10 µm (aerosol)","hour","ug.m-3",10783,"Sevilla",688592,"Torneo"
"es0890a",32962,"pm10","Particulate matter < 10 µm (aerosol)","day","ug.m-3",57,"Sevilla",688592,"Torneo"
"es0890a",32967,"no2","Nitrogen dioxide (air)","day","ug.m-3",2861,"Sevilla",688592,"Torneo"
"es0890a",32968,"no2","Nitrogen dioxide (air)","hour","ug.m-3",67473,"Sevilla",688592,"Torneo"
"es0890a",32965,"o3","Ozone (air)","hour","ug.m-3",93604,"Sevilla",688592,"Torneo"
"es0890a",32966,"o3","Ozone (air)","hour8","ug.m-3",94540,"Sevilla",688592,"Torneo"
"es0890a",32987,"pm2.5","Particulate matter < 2.5 µm (aerosol)","day","ug.m-3",148,"Sevilla",688592,"Torneo"
"es0890a",115845,"o3","Ozone (air)","hour","ug.m-3",58868,"Sevilla",688592,"Torneo"
"es0890a",115846,"no2","Nitrogen dioxide (air)","hour","ug.m-3",49800,"Sevilla",688592,"Torneo"
"es0890a",115850,"no","Nitrogen monoxide (air)","hour","ug.m-3",49800,"Sevilla",688592,"Torneo"
"es0890a",115856,"pm2.5","Particulate matter < 2.5 µm (aerosol)","day","ug.m-3",1054,"Sevilla",688592,"Torneo"
"es0890a",115844,"pm10","Particulate matter < 10 µm (aerosol)","day","ug.m-3",348,"Sevilla",688592,"Torneo"
"es0890a",32982,"no","Nitrogen monoxide (air)","day","ug.m-3",2862,"Sevilla",688592,"Torneo"
"es0890a",32983,"no","Nitrogen monoxide (air)","hour","ug.m-3",67469,"Sevilla",688592,"Torneo"
"es1018a",33341,"no2","Nitrogen dioxide (air)","day","ug.m-3",3633,"Tarrasa",220556,"Terrassa (Pare Alegre)"
"es1018a",33340,"o3","Ozone (air)","hour8","ug.m-3",89889,"Tarrasa",220556,"Terrassa (Pare Alegre)"
"es1018a",33336,"pm10","Particulate matter < 10 µm (aerosol)","day","ug.m-3",1985,"Tarrasa",220556,"Terrassa (Pare Alegre)"
"es1018a",33342,"no2","Nitrogen dioxide (air)","hour","ug.m-3",84971,"Tarrasa",220556,"Terrassa (Pare Alegre)"
"es1018a",33351,"no","Nitrogen monoxide (air)","day","ug.m-3",3275,"Tarrasa",220556,"Terrassa (Pare Alegre)"
"es1018a",33352,"no","Nitrogen monoxide (air)","hour","ug.m-3",76723,"Tarrasa",220556,"Terrassa (Pare Alegre)"
"es1018a",115945,"pm10","Particulate matter < 10 µm (aerosol)","day","ug.m-3",1314,"Tarrasa",220556,"Terrassa (Pare Alegre)"
"es1018a",33337,"o3","Ozone (air)","day","ug.m-3",3768,"Tarrasa",220556,"Terrassa (Pare Alegre)"
"es1018a",33338,"o3","Ozone (air)","dymax","ug.m-3",3768,"Tarrasa",220556,"Terrassa (Pare Alegre)"
"es1018a",33339,"o3","Ozone (air)","hour","ug.m-3",88979,"Tarrasa",220556,"Terrassa (Pare Alegre)"
"es1018a",115946,"o3","Ozone (air)","hour","ug.m-3",17376,"Tarrasa",220556,"Terrassa (Pare Alegre)"
"es1018a",115947,"no2","Nitrogen dioxide (air)","hour","ug.m-3",51231,"Tarrasa",220556,"Terrassa (Pare Alegre)"
"es1018a",115951,"no","Nitrogen monoxide (air)","hour","ug.m-3",51234,"Tarrasa",220556,"Terrassa (Pare Alegre)"
"es1047a",33566,"pm10","Particulate matter < 10 µm (aerosol)","day","ug.m-3",5703,"Zaragoza",674998,"ROGER DE FLOR"
"es1047a",115998,"pm10","Particulate matter < 10 µm (aerosol)","hour","ug.m-3",50607,"Zaragoza",674998,"ROGER DE FLOR"
"es1047a",115999,"o3","Ozone (air)","hour","ug.m-3",59222,"Zaragoza",674998,"ROGER DE FLOR"
"es1047a",116000,"no2","Nitrogen dioxide (air)","hour","ug.m-3",50823,"Zaragoza",674998,"ROGER DE FLOR"
"es1047a",116006,"no","Nitrogen monoxide (air)","hour","ug.m-3",50620,"Zaragoza",674998,"ROGER DE FLOR"
"es1047a",33568,"o3","Ozone (air)","day","ug.m-3",5404,"Zaragoza",674998,"ROGER DE FLOR"
"es1047a",33569,"o3","Ozone (air)","dymax","ug.m-3",5389,"Zaragoza",674998,"ROGER DE FLOR"
"es1047a",33570,"o3","Ozone (air)","hour","ug.m-3",127533,"Zaragoza",674998,"ROGER DE FLOR"
"es1047a",33571,"o3","Ozone (air)","hour8","ug.m-3",128550,"Zaragoza",674998,"ROGER DE FLOR"
"es1047a",33572,"no2","Nitrogen dioxide (air)","day","ug.m-3",5332,"Zaragoza",674998,"ROGER DE FLOR"
"es1047a",33573,"no2","Nitrogen dioxide (air)","hour","ug.m-3",126616,"Zaragoza",674998,"ROGER DE FLOR"
"es1047a",33580,"no","Nitrogen monoxide (air)","day","ug.m-3",728,"Zaragoza",674998,"ROGER DE FLOR"
"es1047a",33581,"no","Nitrogen monoxide (air)","hour","ug.m-3",17178,"Zaragoza",674998,"ROGER DE FLOR"
"es1047a",33567,"pm10","Particulate matter < 10 µm (aerosol)","hour","ug.m-3",134234,"Zaragoza",674998,"ROGER DE FLOR"
"es1096a",33890,"pm10","Particulate matter < 10 µm (aerosol)","hour","ug.m-3",42811,"Ourense",105233,"GOMEZ FRANQUEIRA"
"es1096a",33891,"o3","Ozone (air)","day","ug.m-3",2497,"Ourense",105233,"GOMEZ FRANQUEIRA"
"es1096a",33892,"o3","Ozone (air)","dymax","ug.m-3",2488,"Ourense",105233,"GOMEZ FRANQUEIRA"
"es1096a",33889,"pm10","Particulate matter < 10 µm (aerosol)","day","ug.m-3",1815,"Ourense",105233,"GOMEZ FRANQUEIRA"
"es1096a",116111,"pm10","Particulate matter < 10 µm (aerosol)","hour","ug.m-3",50891,"Ourense",105233,"GOMEZ FRANQUEIRA"
"es1096a",116112,"o3","Ozone (air)","hour","ug.m-3",59846,"Ourense",105233,"GOMEZ FRANQUEIRA"
"es1096a",116113,"no2","Nitrogen dioxide (air)","hour","ug.m-3",50809,"Ourense",105233,"GOMEZ FRANQUEIRA"
"es1096a",116118,"no","Nitrogen monoxide (air)","hour","ug.m-3",50807,"Ourense",105233,"GOMEZ FRANQUEIRA"
"es1096a",33905,"no","Nitrogen monoxide (air)","hour","ug.m-3",44166,"Ourense",105233,"GOMEZ FRANQUEIRA"
"es1096a",33906,"no","Nitrogen monoxide (air)","day","ug.m-3",118,"Ourense",105233,"GOMEZ FRANQUEIRA"
"es1096a",33907,"no","Nitrogen monoxide (air)","hour","ug.m-3",2552,"Ourense",105233,"GOMEZ FRANQUEIRA"
"es1096a",33896,"no2","Nitrogen dioxide (air)","hour","ug.m-3",55681,"Ourense",105233,"GOMEZ FRANQUEIRA"
"es1096a",33893,"o3","Ozone (air)","hour","ug.m-3",57913,"Ourense",105233,"GOMEZ FRANQUEIRA"
"es1096a",33894,"o3","Ozone (air)","hour8","ug.m-3",58945,"Ourense",105233,"GOMEZ FRANQUEIRA"
"es1096a",33895,"no2","Nitrogen dioxide (air)","day","ug.m-3",2430,"Ourense",105233,"GOMEZ FRANQUEIRA"
"es1096a",33904,"no","Nitrogen monoxide (air)","day","ug.m-3",1925,"Ourense",105233,"GOMEZ FRANQUEIRA"
"es1137a",116247,"no","Nitrogen monoxide (air)","hour","ug.m-3",51734,"Vigo",295364,"Arenal"
"es1137a",34319,"o3","Ozone (air)","day","ug.m-3",2419,"Vigo",295364,"Arenal"
"es1137a",34320,"o3","Ozone (air)","dymax","ug.m-3",2408,"Vigo",295364,"Arenal"
"es1137a",34321,"o3","Ozone (air)","hour","ug.m-3",55984,"Vigo",295364,"Arenal"
"es1137a",34318,"pm10","Particulate matter < 10 µm (aerosol)","hour","ug.m-3",41063,"Vigo",295364,"Arenal"
"es1137a",34335,"no","Nitrogen monoxide (air)","hour","ug.m-3",3711,"Vigo",295364,"Arenal"
"es1137a",116242,"o3","Ozone (air)","hour","ug.m-3",59654,"Vigo",295364,"Arenal"
"es1137a",116243,"no2","Nitrogen dioxide (air)","hour","ug.m-3",51734,"Vigo",295364,"Arenal"
"es1137a",34317,"pm10","Particulate matter < 10 µm (aerosol)","day","ug.m-3",1786,"Vigo",295364,"Arenal"
"es1137a",34322,"o3","Ozone (air)","hour8","ug.m-3",56940,"Vigo",295364,"Arenal"
"es1137a",34323,"no2","Nitrogen dioxide (air)","day","ug.m-3",2348,"Vigo",295364,"Arenal"
"es1137a",34324,"no2","Nitrogen dioxide (air)","hour","ug.m-3",54364,"Vigo",295364,"Arenal"
"es1137a",34332,"no","Nitrogen monoxide (air)","day","ug.m-3",1882,"Vigo",295364,"Arenal"
"es1137a",34333,"no","Nitrogen monoxide (air)","hour","ug.m-3",43491,"Vigo",295364,"Arenal"
"es1137a",34334,"no","Nitrogen monoxide (air)","day","ug.m-3",157,"Vigo",295364,"Arenal"
"es1137a",116241,"pm10","Particulate matter < 10 µm (aerosol)","hour","ug.m-3",51331,"Vigo",295364,"Arenal"
"es1138a",34345,"no2","Nitrogen dioxide (air)","day","ug.m-3",2614,"A Coruña",245711,"CORLAB 1"
"es1138a",34342,"o3","Ozone (air)","dymax","ug.m-3",2661,"A Coruña",245711,"CORLAB 1"
"es1138a",34343,"o3","Ozone (air)","hour","ug.m-3",62193,"A Coruña",245711,"CORLAB 1"
"es1138a",34344,"o3","Ozone (air)","hour8","ug.m-3",63514,"A Coruña",245711,"CORLAB 1"
"es1138a",34339,"pm10","Particulate matter < 10 µm (aerosol)","day","ug.m-3",1804,"A Coruña",245711,"CORLAB 1"
"es1138a",34340,"pm10","Particulate matter < 10 µm (aerosol)","hour","ug.m-3",42164,"A Coruña",245711,"CORLAB 1"
"es1138a",34341,"o3","Ozone (air)","day","ug.m-3",2673,"A Coruña",245711,"CORLAB 1"
"es1138a",116251,"pm10","Particulate matter < 10 µm (aerosol)","hour","ug.m-3",50798,"A Coruña",245711,"CORLAB 1"
"es1138a",116252,"o3","Ozone (air)","hour","ug.m-3",59254,"A Coruña",245711,"CORLAB 1"
"es1138a",116253,"no2","Nitrogen dioxide (air)","hour","ug.m-3",50781,"A Coruña",245711,"CORLAB 1"
"es1138a",116257,"no","Nitrogen monoxide (air)","hour","ug.m-3",50782,"A Coruña",245711,"CORLAB 1"
"es1138a",34346,"no2","Nitrogen dioxide (air)","hour","ug.m-3",59868,"A Coruña",245711,"CORLAB 1"
"es1138a",34351,"no","Nitrogen monoxide (air)","day","ug.m-3",2041,"A Coruña",245711,"CORLAB 1"
"es1138a",34352,"no","Nitrogen monoxide (air)","hour","ug.m-3",46760,"A Coruña",245711,"CORLAB 1"
"es1138a",34353,"no","Nitrogen monoxide (air)","day","ug.m-3",209,"A Coruña",245711,"CORLAB 1"
"es1138a",34354,"no","Nitrogen monoxide (air)","hour","ug.m-3",4532,"A Coruña",245711,"CORLAB 1"
"es1160a",34392,"pm10","Particulate matter < 10 µm (aerosol)","day","ug.m-3",1571,"Burgos",175821,"Burgos 1"
"es1160a",34393,"pm10","Particulate matter < 10 µm (aerosol)","hour","ug.m-3",36920,"Burgos",175821,"Burgos 1"
"es1160a",34394,"no2","Nitrogen dioxide (air)","day","ug.m-3",1584,"Burgos",175821,"Burgos 1"
"es1160a",34395,"no2","Nitrogen dioxide (air)","hour","ug.m-3",37520,"Burgos",175821,"Burgos 1"
"es1160a",34404,"no","Nitrogen monoxide (air)","day","ug.m-3",1216,"Burgos",175821,"Burgos 1"
"es1160a",34405,"no","Nitrogen monoxide (air)","hour","ug.m-3",28721,"Burgos",175821,"Burgos 1"
"es1160a",34406,"no","Nitrogen monoxide (air)","day","ug.m-3",364,"Burgos",175821,"Burgos 1"
"es1160a",34407,"no","Nitrogen monoxide (air)","hour","ug.m-3",8628,"Burgos",175821,"Burgos 1"
"es1160a",116280,"pm10","Particulate matter < 10 µm (aerosol)","hour","ug.m-3",51402,"Burgos",175821,"Burgos 1"
"es1160a",116281,"no2","Nitrogen dioxide (air)","hour","ug.m-3",52155,"Burgos",175821,"Burgos 1"
"es1160a",116286,"no","Nitrogen monoxide (air)","hour","ug.m-3",52155,"Burgos",175821,"Burgos 1"
"es1161a",34412,"pm10","Particulate matter < 10 µm (aerosol)","day","ug.m-3",5071,"León",124303,"BARRIO PINILLA"
"es1161a",34416,"o3","Ozone (air)","hour","ug.m-3",109648,"León",124303,"BARRIO PINILLA"
"es1161a",34417,"o3","Ozone (air)","hour8","ug.m-3",110345,"León",124303,"BARRIO PINILLA"
"es1161a",34418,"no2","Nitrogen dioxide (air)","day","ug.m-3",5734,"León",124303,"BARRIO PINILLA"
"es1161a",34419,"no2","Nitrogen dioxide (air)","hour","ug.m-3",136427,"León",124303,"BARRIO PINILLA"
"es1161a",34432,"no","Nitrogen monoxide (air)","day","ug.m-3",4640,"León",124303,"BARRIO PINILLA"
"es1161a",34433,"no","Nitrogen monoxide (air)","hour","ug.m-3",110299,"León",124303,"BARRIO PINILLA"
"es1161a",34413,"pm10","Particulate matter < 10 µm (aerosol)","hour","ug.m-3",120174,"León",124303,"BARRIO PINILLA"
"es1161a",34414,"o3","Ozone (air)","day","ug.m-3",4614,"León",124303,"BARRIO PINILLA"
"es1161a",34415,"o3","Ozone (air)","dymax","ug.m-3",4617,"León",124303,"BARRIO PINILLA"
"es1161a",116295,"pm10","Particulate matter < 10 µm (aerosol)","hour","ug.m-3",51645,"León",124303,"BARRIO PINILLA"
"es1161a",116296,"no2","Nitrogen dioxide (air)","hour","ug.m-3",51620,"León",124303,"BARRIO PINILLA"
"es1161a",116302,"no","Nitrogen monoxide (air)","hour","ug.m-3",51911,"León",124303,"BARRIO PINILLA"
"es1181a",34708,"o3","Ozone (air)","day","ug.m-3",5494,"Valencia",24760,"QUART DE POBLET"
"es1181a",34709,"o3","Ozone (air)","dymax","ug.m-3",5495,"Valencia",24760,"QUART DE POBLET"
"es1181a",34706,"pm10","Particulate matter < 10 µm (aerosol)","day","ug.m-3",341,"Valencia",24760,"QUART DE POBLET"
"es1181a",34707,"pm10","Particulate matter < 10 µm (aerosol)","hour","ug.m-3",7919,"Valencia",24760,"QUART DE POBLET"
"es1181a",116374,"pm10","Particulate matter < 10 µm (aerosol)","hour","ug.m-3",48121,"Valencia",24760,"QUART DE POBLET"
"es1181a",116375,"o3","Ozone (air)","hour","ug.m-3",35361,"Valencia",24760,"QUART DE POBLET"
"es1181a",116377,"no2","Nitrogen dioxide (air)","hour","ug.m-3",23637,"Valencia",24760,"QUART DE POBLET"
"es1181a",116382,"no","Nitrogen monoxide (air)","hour","ug.m-3",23640,"Valencia",24760,"QUART DE POBLET"
"es1181a",116384,"pm2.5","Particulate matter < 2.5 µm (aerosol)","hour","ug.m-3",48116,"Valencia",24760,"QUART DE POBLET"
"es1181a",34712,"no2","Nitrogen dioxide (air)","day","ug.m-3",5313,"Valencia",24760,"QUART DE POBLET"
"es1181a",34713,"no2","Nitrogen dioxide (air)","hour","ug.m-3",122329,"Valencia",24760,"QUART DE POBLET"
"es1181a",34710,"o3","Ozone (air)","hour","ug.m-3",129247,"Valencia",24760,"QUART DE POBLET"
"es1181a",34711,"o3","Ozone (air)","hour8","ug.m-3",130819,"Valencia",24760,"QUART DE POBLET"
"es1181a",34721,"no","Nitrogen monoxide (air)","day","ug.m-3",4219,"Valencia",24760,"QUART DE POBLET"
"es1181a",34722,"no","Nitrogen monoxide (air)","hour","ug.m-3",96596,"Valencia",24760,"QUART DE POBLET"
"es1225a",35032,"no2","Nitrogen dioxide (air)","day","ug.m-3",4789,"Lleida",138956,"Lleida (Irurita - Pius XII)"
"es1225a",35033,"no2","Nitrogen dioxide (air)","hour","ug.m-3",112627,"Lleida",138956,"Lleida (Irurita - Pius XII)"
"es1225a",35027,"pm10","Particulate matter < 10 µm (aerosol)","day","ug.m-3",1417,"Lleida",138956,"Lleida (Irurita - Pius XII)"
"es1225a",35028,"o3","Ozone (air)","day","ug.m-3",4963,"Lleida",138956,"Lleida (Irurita - Pius XII)"
"es1225a",35029,"o3","Ozone (air)","dymax","ug.m-3",4961,"Lleida",138956,"Lleida (Irurita - Pius XII)"
"es1225a",35030,"o3","Ozone (air)","hour","ug.m-3",116948,"Lleida",138956,"Lleida (Irurita - Pius XII)"
"es1225a",35031,"o3","Ozone (air)","hour8","ug.m-3",118077,"Lleida",138956,"Lleida (Irurita - Pius XII)"
"es1225a",116460,"pm10","Particulate matter < 10 µm (aerosol)","day","ug.m-3",1182,"Lleida",138956,"Lleida (Irurita - Pius XII)"
"es1225a",116461,"o3","Ozone (air)","hour","ug.m-3",17095,"Lleida",138956,"Lleida (Irurita - Pius XII)"
"es1225a",116462,"no2","Nitrogen dioxide (air)","hour","ug.m-3",50185,"Lleida",138956,"Lleida (Irurita - Pius XII)"
"es1225a",116467,"no","Nitrogen monoxide (air)","hour","ug.m-3",50178,"Lleida",138956,"Lleida (Irurita - Pius XII)"
"es1225a",116479,"pm2.5","Particulate matter < 2.5 µm (aerosol)","day","ug.m-3",1019,"Lleida",138956,"Lleida (Irurita - Pius XII)"
"es1225a",35049,"no","Nitrogen monoxide (air)","hour","ug.m-3",105837,"Lleida",138956,"Lleida (Irurita - Pius XII)"
"es1225a",35059,"pm2.5","Particulate matter < 2.5 µm (aerosol)","day","ug.m-3",899,"Lleida",138956,"Lleida (Irurita - Pius XII)"
"es1225a",35048,"no","Nitrogen monoxide (air)","day","ug.m-3",4492,"Lleida",138956,"Lleida (Irurita - Pius XII)"
"es1239a",116496,"no2","Nitrogen dioxide (air)","hour","ug.m-3",25027,"Valencia",794288,"Pista de Silla"
"es1239a",116503,"no","Nitrogen monoxide (air)","hour","ug.m-3",25027,"Valencia",794288,"Pista de Silla"
"es1239a",35164,"o3","Ozone (air)","dymax","ug.m-3",5357,"Valencia",794288,"Pista de Silla"
"es1239a",35165,"o3","Ozone (air)","hour","ug.m-3",124092,"Valencia",794288,"Pista de Silla"
"es1239a",35166,"o3","Ozone (air)","hour8","ug.m-3",126969,"Valencia",794288,"Pista de Silla"
"es1239a",116506,"pm2.5","Particulate matter < 2.5 µm (aerosol)","hour","ug.m-3",42863,"Valencia",794288,"Pista de Silla"
"es1239a",35168,"no2","Nitrogen dioxide (air)","hour","ug.m-3",124488,"Valencia",794288,"Pista de Silla"
"es1239a",35177,"no","Nitrogen monoxide (air)","day","ug.m-3",4332,"Valencia",794288,"Pista de Silla"
"es1239a",35178,"no","Nitrogen monoxide (air)","hour","ug.m-3",99254,"Valencia",794288,"Pista de Silla"
"es1239a",35167,"no2","Nitrogen dioxide (air)","day","ug.m-3",5422,"Valencia",794288,"Pista de Silla"
"es1239a",116493,"pm10","Particulate matter < 10 µm (aerosol)","hour","ug.m-3",42869,"Valencia",794288,"Pista de Silla"
"es1239a",116494,"o3","Ozone (air)","hour","ug.m-3",32204,"Valencia",794288,"Pista de Silla"
"es1239a",35161,"pm10","Particulate matter < 10 µm (aerosol)","day","ug.m-3",1135,"Valencia",794288,"Pista de Silla"
"es1239a",35162,"pm10","Particulate matter < 10 µm (aerosol)","hour","ug.m-3",26993,"Valencia",794288,"Pista de Silla"
"es1239a",35163,"o3","Ozone (air)","day","ug.m-3",5357,"Valencia",794288,"Pista de Silla"
"es1239a",35180,"pm2.5","Particulate matter < 2.5 µm (aerosol)","hour","ug.m-3",1823,"Valencia",794288,"Pista de Silla"
"es1239a",35179,"pm2.5","Particulate matter < 2.5 µm (aerosol)","day","ug.m-3",77,"Valencia",794288,"Pista de Silla"
"es1244a",116510,"no2","Nitrogen dioxide (air)","hour","ug.m-3",51849,"Bilbao",346844,"MAZARREDO"
"es1244a",116514,"no","Nitrogen monoxide (air)","hour","ug.m-3",51850,"Bilbao",346844,"MAZARREDO"
"es1244a",116509,"o3","Ozone (air)","hour","ug.m-3",25704,"Bilbao",346844,"MAZARREDO"
"es1244a",35206,"pm10","Particulate matter < 10 µm (aerosol)","day","ug.m-3",305,"Bilbao",346844,"MAZARREDO"
"es1244a",35207,"pm10","Particulate matter < 10 µm (aerosol)","hour","ug.m-3",7252,"Bilbao",346844,"MAZARREDO"
"es1244a",35224,"no","Nitrogen monoxide (air)","day","ug.m-3",4610,"Bilbao",346844,"MAZARREDO"
"es1244a",35225,"no","Nitrogen monoxide (air)","hour","ug.m-3",108424,"Bilbao",346844,"MAZARREDO"
"es1244a",35210,"o3","Ozone (air)","hour","ug.m-3",133958,"Bilbao",346844,"MAZARREDO"
"es1244a",35211,"o3","Ozone (air)","hour8","ug.m-3",135516,"Bilbao",346844,"MAZARREDO"
"es1244a",35208,"o3","Ozone (air)","day","ug.m-3",5669,"Bilbao",346844,"MAZARREDO"
"es1244a",35209,"o3","Ozone (air)","dymax","ug.m-3",5682,"Bilbao",346844,"MAZARREDO"
"es1244a",35212,"no2","Nitrogen dioxide (air)","day","ug.m-3",5692,"Bilbao",346844,"MAZARREDO"
"es1244a",35213,"no2","Nitrogen dioxide (air)","hour","ug.m-3",134359,"Bilbao",346844,"MAZARREDO"
"es1262a",116637,"no2","Nitrogen dioxide (air)","hour","ug.m-3",51130,"Sabadell",213644,"Sabadell (Gran Via)"
"es1262a",116641,"no","Nitrogen monoxide (air)","hour","ug.m-3",51131,"Sabadell",213644,"Sabadell (Gran Via)"
"es1262a",116635,"pm10","Particulate matter < 10 µm (aerosol)","day","ug.m-3",1196,"Sabadell",213644,"Sabadell (Gran Via)"
"es1262a",116636,"o3","Ozone (air)","hour","ug.m-3",17172,"Sabadell",213644,"Sabadell (Gran Via)"
"es1262a",35477,"pm10","Particulate matter < 10 µm (aerosol)","day","ug.m-3",1627,"Sabadell",213644,"Sabadell (Gran Via)"
"es1262a",116642,"pm2.5","Particulate matter < 2.5 µm (aerosol)","day","ug.m-3",1057,"Sabadell",213644,"Sabadell (Gran Via)"
"es1262a",35480,"o3","Ozone (air)","hour","ug.m-3",132549,"Sabadell",213644,"Sabadell (Gran Via)"
"es1262a",35481,"o3","Ozone (air)","hour8","ug.m-3",133898,"Sabadell",213644,"Sabadell (Gran Via)"
"es1262a",35482,"no2","Nitrogen dioxide (air)","day","ug.m-3",5549,"Sabadell",213644,"Sabadell (Gran Via)"
"es1262a",35483,"no2","Nitrogen dioxide (air)","hour","ug.m-3",130063,"Sabadell",213644,"Sabadell (Gran Via)"
"es1262a",35492,"no","Nitrogen monoxide (air)","day","ug.m-3",4551,"Sabadell",213644,"Sabadell (Gran Via)"
"es1262a",35493,"no","Nitrogen monoxide (air)","hour","ug.m-3",106784,"Sabadell",213644,"Sabadell (Gran Via)"
"es1262a",35494,"pm2.5","Particulate matter < 2.5 µm (aerosol)","day","ug.m-3",452,"Sabadell",213644,"Sabadell (Gran Via)"
"es1262a",35478,"o3","Ozone (air)","day","ug.m-3",5638,"Sabadell",213644,"Sabadell (Gran Via)"
"es1262a",35479,"o3","Ozone (air)","dymax","ug.m-3",5634,"Sabadell",213644,"Sabadell (Gran Via)"
"es1268a",35520,"pm10","Particulate matter < 10 µm (aerosol)","day","ug.m-3",2552,"Oviedo",219687,"PLAZA DE TOROS"
"es1268a",35523,"o3","Ozone (air)","dymax","ug.m-3",5446,"Oviedo",219687,"PLAZA DE TOROS"
"es1268a",35524,"o3","Ozone (air)","hour","ug.m-3",129365,"Oviedo",219687,"PLAZA DE TOROS"
"es1268a",35521,"pm10","Particulate matter < 10 µm (aerosol)","hour","ug.m-3",60808,"Oviedo",219687,"PLAZA DE TOROS"
"es1268a",35522,"o3","Ozone (air)","day","ug.m-3",5445,"Oviedo",219687,"PLAZA DE TOROS"
"es1268a",116644,"pm10","Particulate matter < 10 µm (aerosol)","hour","ug.m-3",51444,"Oviedo",219687,"PLAZA DE TOROS"
"es1268a",116645,"o3","Ozone (air)","hour","ug.m-3",60746,"Oviedo",219687,"PLAZA DE TOROS"
"es1268a",116646,"no2","Nitrogen dioxide (air)","hour","ug.m-3",51659,"Oviedo",219687,"PLAZA DE TOROS"
"es1268a",116650,"no","Nitrogen monoxide (air)","hour","ug.m-3",51646,"Oviedo",219687,"PLAZA DE TOROS"
"es1268a",35525,"o3","Ozone (air)","hour8","ug.m-3",130019,"Oviedo",219687,"PLAZA DE TOROS"
"es1268a",35526,"no2","Nitrogen dioxide (air)","day","ug.m-3",3911,"Oviedo",219687,"PLAZA DE TOROS"
"es1268a",35527,"no2","Nitrogen dioxide (air)","hour","ug.m-3",92331,"Oviedo",219687,"PLAZA DE TOROS"
"es1268a",35534,"no","Nitrogen monoxide (air)","day","ug.m-3",3181,"Oviedo",219687,"PLAZA DE TOROS"
"es1268a",35535,"no","Nitrogen monoxide (air)","hour","ug.m-3",75170,"Oviedo",219687,"PLAZA DE TOROS"
"es1269a",116653,"o3","Ozone (air)","hour","ug.m-3",60367,"Oviedo",219686,"Palacio de Deportes"
"es1269a",116654,"no2","Nitrogen dioxide (air)","hour","ug.m-3",51446,"Oviedo",219686,"Palacio de Deportes"
"es1269a",116660,"no","Nitrogen monoxide (air)","hour","ug.m-3",51430,"Oviedo",219686,"Palacio de Deportes"
"es1269a",116652,"pm10","Particulate matter < 10 µm (aerosol)","hour","ug.m-3",51270,"Oviedo",219686,"Palacio de Deportes"
"es1269a",35543,"o3","Ozone (air)","hour8","ug.m-3",95311,"Oviedo",219686,"Palacio de Deportes"
"es1269a",35544,"no2","Nitrogen dioxide (air)","day","ug.m-3",2523,"Oviedo",219686,"Palacio de Deportes"
"es1269a",35545,"no2","Nitrogen dioxide (air)","hour","ug.m-3",59634,"Oviedo",219686,"Palacio de Deportes"
"es1269a",35542,"o3","Ozone (air)","hour","ug.m-3",94888,"Oviedo",219686,"Palacio de Deportes"
"es1269a",35538,"pm10","Particulate matter < 10 µm (aerosol)","day","ug.m-3",2512,"Oviedo",219686,"Palacio de Deportes"
"es1269a",35539,"pm10","Particulate matter < 10 µm (aerosol)","hour","ug.m-3",59547,"Oviedo",219686,"Palacio de Deportes"
"es1269a",35540,"o3","Ozone (air)","day","ug.m-3",3983,"Oviedo",219686,"Palacio de Deportes"
"es1269a",35541,"o3","Ozone (air)","dymax","ug.m-3",3992,"Oviedo",219686,"Palacio de Deportes"
"es1269a",35560,"no","Nitrogen monoxide (air)","day","ug.m-3",2523,"Oviedo",219686,"Palacio de Deportes"
"es1269a",35561,"no","Nitrogen monoxide (air)","hour","ug.m-3",59616,"Oviedo",219686,"Palacio de Deportes"
"es1270a",116667,"no2","Nitrogen dioxide (air)","hour","ug.m-3",51875,"Gijón",271780,"Hermanos Felgueroso"
"es1270a",116671,"no","Nitrogen monoxide (air)","hour","ug.m-3",51884,"Gijón",271780,"Hermanos Felgueroso"
"es1270a",116664,"pm10","Particulate matter < 10 µm (aerosol)","hour","ug.m-3",51425,"Gijón",271780,"Hermanos Felgueroso"
"es1270a",116665,"o3","Ozone (air)","hour","ug.m-3",60075,"Gijón",271780,"Hermanos Felgueroso"
"es1270a",35573,"pm10","Particulate matter < 10 µm (aerosol)","day","ug.m-3",2523,"Gijón",271780,"Hermanos Felgueroso"
"es1270a",35574,"pm10","Particulate matter < 10 µm (aerosol)","hour","ug.m-3",59395,"Gijón",271780,"Hermanos Felgueroso"
"es1270a",35575,"o3","Ozone (air)","day","ug.m-3",3974,"Gijón",271780,"Hermanos Felgueroso"
"es1270a",35576,"o3","Ozone (air)","dymax","ug.m-3",3970,"Gijón",271780,"Hermanos Felgueroso"
"es1270a",35577,"o3","Ozone (air)","hour","ug.m-3",94084,"Gijón",271780,"Hermanos Felgueroso"
"es1270a",35578,"o3","Ozone (air)","hour8","ug.m-3",94661,"Gijón",271780,"Hermanos Felgueroso"
"es1270a",35579,"no2","Nitrogen dioxide (air)","day","ug.m-3",2547,"Gijón",271780,"Hermanos Felgueroso"
"es1270a",35580,"no2","Nitrogen dioxide (air)","hour","ug.m-3",60056,"Gijón",271780,"Hermanos Felgueroso"
"es1270a",35587,"no","Nitrogen monoxide (air)","day","ug.m-3",2547,"Gijón",271780,"Hermanos Felgueroso"
"es1270a",35588,"no","Nitrogen monoxide (air)","hour","ug.m-3",60054,"Gijón",271780,"Hermanos Felgueroso"
"es1271a",35591,"pm10","Particulate matter < 10 µm (aerosol)","day","ug.m-3",2516,"Gijón",271782,"ARGENTINA"
"es1271a",35592,"pm10","Particulate matter < 10 µm (aerosol)","hour","ug.m-3",59580,"Gijón",271782,"ARGENTINA"
"es1271a",35593,"o3","Ozone (air)","day","ug.m-3",3992,"Gijón",271782,"ARGENTINA"
"es1271a",35594,"o3","Ozone (air)","dymax","ug.m-3",3993,"Gijón",271782,"ARGENTINA"
"es1271a",35595,"o3","Ozone (air)","hour","ug.m-3",95476,"Gijón",271782,"ARGENTINA"
"es1271a",35596,"o3","Ozone (air)","hour8","ug.m-3",95685,"Gijón",271782,"ARGENTINA"
"es1271a",35597,"no2","Nitrogen dioxide (air)","day","ug.m-3",2519,"Gijón",271782,"ARGENTINA"
"es1271a",35598,"no2","Nitrogen dioxide (air)","hour","ug.m-3",59914,"Gijón",271782,"ARGENTINA"
"es1271a",35605,"no","Nitrogen monoxide (air)","day","ug.m-3",2519,"Gijón",271782,"ARGENTINA"
"es1271a",35606,"no","Nitrogen monoxide (air)","hour","ug.m-3",59626,"Gijón",271782,"ARGENTINA"
"es1271a",116678,"no","Nitrogen monoxide (air)","hour","ug.m-3",52087,"Gijón",271782,"ARGENTINA"
"es1271a",116673,"pm10","Particulate matter < 10 µm (aerosol)","hour","ug.m-3",51904,"Gijón",271782,"ARGENTINA"
"es1271a",116674,"o3","Ozone (air)","hour","ug.m-3",60817,"Gijón",271782,"ARGENTINA"
"es1271a",116675,"no2","Nitrogen dioxide (air)","hour","ug.m-3",52107,"Gijón",271782,"ARGENTINA"
"es1272a",35609,"pm10","Particulate matter < 10 µm (aerosol)","day","ug.m-3",2539,"Gijón",271781,"CONSTITUCIÓN"
"es1272a",35610,"pm10","Particulate matter < 10 µm (aerosol)","hour","ug.m-3",60111,"Gijón",271781,"CONSTITUCIÓN"
"es1272a",35611,"o3","Ozone (air)","day","ug.m-3",3977,"Gijón",271781,"CONSTITUCIÓN"
"es1272a",35612,"o3","Ozone (air)","dymax","ug.m-3",3980,"Gijón",271781,"CONSTITUCIÓN"
"es1272a",35613,"o3","Ozone (air)","hour","ug.m-3",94499,"Gijón",271781,"CONSTITUCIÓN"
"es1272a",35633,"pm2.5","Particulate matter < 2.5 µm (aerosol)","day","ug.m-3",1444,"Gijón",271781,"CONSTITUCIÓN"
"es1272a",35634,"pm2.5","Particulate matter < 2.5 µm (aerosol)","hour","ug.m-3",34250,"Gijón",271781,"CONSTITUCIÓN"
"es1272a",116682,"no2","Nitrogen dioxide (air)","hour","ug.m-3",51665,"Gijón",271781,"CONSTITUCIÓN"
"es1272a",116688,"no","Nitrogen monoxide (air)","hour","ug.m-3",51646,"Gijón",271781,"CONSTITUCIÓN"
"es1272a",116701,"pm2.5","Particulate matter < 2.5 µm (aerosol)","hour","ug.m-3",51583,"Gijón",271781,"CONSTITUCIÓN"
"es1272a",35629,"no","Nitrogen monoxide (air)","day","ug.m-3",2536,"Gijón",271781,"CONSTITUCIÓN"
"es1272a",35614,"o3","Ozone (air)","hour8","ug.m-3",94999,"Gijón",271781,"CONSTITUCIÓN"
"es1272a",35615,"no2","Nitrogen dioxide (air)","day","ug.m-3",2536,"Gijón",271781,"CONSTITUCIÓN"
"es1272a",35616,"no2","Nitrogen dioxide (air)","hour","ug.m-3",60209,"Gijón",271781,"CONSTITUCIÓN"
"es1272a",35630,"no","Nitrogen monoxide (air)","hour","ug.m-3",60212,"Gijón",271781,"CONSTITUCIÓN"
"es1272a",116680,"pm10","Particulate matter < 10 µm (aerosol)","hour","ug.m-3",51460,"Gijón",271781,"CONSTITUCIÓN"
"es1272a",116681,"o3","Ozone (air)","hour","ug.m-3",59488,"Gijón",271781,"CONSTITUCIÓN"
"es1340a",36331,"o3","Ozone (air)","dymax","ug.m-3",459,"Huelva",143663,"POZO DULCE"
"es1340a",36335,"no2","Nitrogen dioxide (air)","hour","ug.m-3",42949,"Huelva",143663,"POZO DULCE"
"es1340a",36332,"o3","Ozone (air)","hour","ug.m-3",10390,"Huelva",143663,"POZO DULCE"
"es1340a",36333,"o3","Ozone (air)","hour8","ug.m-3",10809,"Huelva",143663,"POZO DULCE"
"es1340a",36334,"no2","Nitrogen dioxide (air)","day","ug.m-3",1979,"Huelva",143663,"POZO DULCE"
"es1340a",36328,"pm10","Particulate matter < 10 µm (aerosol)","day","ug.m-3",4132,"Huelva",143663,"POZO DULCE"
"es1340a",36329,"pm10","Particulate matter < 10 µm (aerosol)","hour","ug.m-3",59146,"Huelva",143663,"POZO DULCE"
"es1340a",36330,"o3","Ozone (air)","day","ug.m-3",459,"Huelva",143663,"POZO DULCE"
"es1340a",116878,"pm10","Particulate matter < 10 µm (aerosol)","day","ug.m-3",692,"Huelva",143663,"POZO DULCE"
"es1340a",116880,"no2","Nitrogen dioxide (air)","hour","ug.m-3",41517,"Huelva",143663,"POZO DULCE"
"es1340a",116884,"no","Nitrogen monoxide (air)","hour","ug.m-3",41510,"Huelva",143663,"POZO DULCE"
"es1340a",36344,"no","Nitrogen monoxide (air)","day","ug.m-3",889,"Huelva",143663,"POZO DULCE"
"es1340a",36345,"no","Nitrogen monoxide (air)","hour","ug.m-3",17302,"Huelva",143663,"POZO DULCE"
"es1358a",36573,"pm10","Particulate matter < 10 µm (aerosol)","day","ug.m-3",3998,"Gijón",271783,"AVENIDA DE CASTILLA"
"es1358a",36574,"pm10","Particulate matter < 10 µm (aerosol)","hour","ug.m-3",94577,"Gijón",271783,"AVENIDA DE CASTILLA"
"es1358a",36575,"o3","Ozone (air)","day","ug.m-3",5190,"Gijón",271783,"AVENIDA DE CASTILLA"
"es1358a",36576,"o3","Ozone (air)","dymax","ug.m-3",5188,"Gijón",271783,"AVENIDA DE CASTILLA"
"es1358a",36577,"o3","Ozone (air)","hour","ug.m-3",122968,"Gijón",271783,"AVENIDA DE CASTILLA"
"es1358a",36578,"o3","Ozone (air)","hour8","ug.m-3",123861,"Gijón",271783,"AVENIDA DE CASTILLA"
"es1358a",36579,"no2","Nitrogen dioxide (air)","day","ug.m-3",5202,"Gijón",271783,"AVENIDA DE CASTILLA"
"es1358a",36580,"no2","Nitrogen dioxide (air)","hour","ug.m-3",122492,"Gijón",271783,"AVENIDA DE CASTILLA"
"es1358a",36588,"no","Nitrogen monoxide (air)","day","ug.m-3",4396,"Gijón",271783,"AVENIDA DE CASTILLA"
"es1358a",36589,"no","Nitrogen monoxide (air)","hour","ug.m-3",103860,"Gijón",271783,"AVENIDA DE CASTILLA"
"es1358a",116966,"no","Nitrogen monoxide (air)","hour","ug.m-3",49229,"Gijón",271783,"AVENIDA DE CASTILLA"
"es1358a",116959,"pm10","Particulate matter < 10 µm (aerosol)","hour","ug.m-3",49175,"Gijón",271783,"AVENIDA DE CASTILLA"
"es1358a",116960,"o3","Ozone (air)","hour","ug.m-3",57542,"Gijón",271783,"AVENIDA DE CASTILLA"
"es1358a",116962,"no2","Nitrogen dioxide (air)","hour","ug.m-3",49230,"Gijón",271783,"AVENIDA DE CASTILLA"
"es1393a",36900,"pm10","Particulate matter < 10 µm (aerosol)","day","ug.m-3",732,"Almería",198533,"MEDITERRÁNEO"
"es1393a",36905,"o3","Ozone (air)","hour","ug.m-3",92803,"Almería",198533,"MEDITERRÁNEO"
"es1393a",36906,"o3","Ozone (air)","hour8","ug.m-3",93932,"Almería",198533,"MEDITERRÁNEO"
"es1393a",36907,"no2","Nitrogen dioxide (air)","day","ug.m-3",2802,"Almería",198533,"MEDITERRÁNEO"
"es1393a",36908,"no2","Nitrogen dioxide (air)","hour","ug.m-3",65734,"Almería",198533,"MEDITERRÁNEO"
"es1393a",36923,"no","Nitrogen monoxide (air)","day","ug.m-3",2802,"Almería",198533,"MEDITERRÁNEO"
"es1393a",36924,"no","Nitrogen monoxide (air)","hour","ug.m-3",65722,"Almería",198533,"MEDITERRÁNEO"
"es1393a",36948,"pm2.5","Particulate matter < 2.5 µm (aerosol)","day","ug.m-3",462,"Almería",198533,"MEDITERRÁNEO"
"es1393a",36903,"o3","Ozone (air)","day","ug.m-3",3948,"Almería",198533,"MEDITERRÁNEO"
"es1393a",36904,"o3","Ozone (air)","dymax","ug.m-3",3947,"Almería",198533,"MEDITERRÁNEO"
"es1393a",36901,"pm10","Particulate matter < 10 µm (aerosol)","hour","ug.m-3",16540,"Almería",198533,"MEDITERRÁNEO"
"es1393a",36902,"pm10","Particulate matter < 10 µm (aerosol)","day","ug.m-3",200,"Almería",198533,"MEDITERRÁNEO"
"es1393a",117070,"no2","Nitrogen dioxide (air)","hour","ug.m-3",51087,"Almería",198533,"MEDITERRÁNEO"
"es1393a",117075,"no","Nitrogen monoxide (air)","hour","ug.m-3",51088,"Almería",198533,"MEDITERRÁNEO"
"es1393a",117068,"pm10","Particulate matter < 10 µm (aerosol)","day","ug.m-3",410,"Almería",198533,"MEDITERRÁNEO"
"es1393a",117069,"o3","Ozone (air)","hour","ug.m-3",58830,"Almería",198533,"MEDITERRÁNEO"
"es1393a",117094,"pm2.5","Particulate matter < 2.5 µm (aerosol)","day","ug.m-3",1070,"Almería",198533,"MEDITERRÁNEO"
"es1426a",37337,"pm10","Particulate matter < 10 µm (aerosol)","day","ug.m-3",1341,"Madrid",3266130,"MORATALAZ"
"es1426a",37338,"pm10","Particulate matter < 10 µm (aerosol)","hour","ug.m-3",31963,"Madrid",3266130,"MORATALAZ"
"es1426a",117242,"pm10","Particulate matter < 10 µm (aerosol)","hour","ug.m-3",34511,"Madrid",3266130,"MORATALAZ"
"es1426a",117244,"no2","Nitrogen dioxide (air)","hour","ug.m-3",51850,"Madrid",3266130,"MORATALAZ"
"es1426a",117249,"no","Nitrogen monoxide (air)","hour","ug.m-3",51850,"Madrid",3266130,"MORATALAZ"
"es1426a",37355,"no","Nitrogen monoxide (air)","day","ug.m-3",4731,"Madrid",3266130,"MORATALAZ"
"es1426a",37356,"no","Nitrogen monoxide (air)","hour","ug.m-3",113122,"Madrid",3266130,"MORATALAZ"
"es1426a",37342,"pm10","Particulate matter < 10 µm (aerosol)","hour","ug.m-3",17386,"Madrid",3266130,"MORATALAZ"
"es1426a",37339,"pm10","Particulate matter < 10 µm (aerosol)","day","ug.m-3",4080,"Madrid",3266130,"MORATALAZ"
"es1426a",37340,"pm10","Particulate matter < 10 µm (aerosol)","hour","ug.m-3",97217,"Madrid",3266130,"MORATALAZ"
"es1426a",37341,"pm10","Particulate matter < 10 µm (aerosol)","day","ug.m-3",728,"Madrid",3266130,"MORATALAZ"
"es1426a",37346,"o3","Ozone (air)","hour8","ug.m-3",97723,"Madrid",3266130,"MORATALAZ"
"es1426a",37343,"o3","Ozone (air)","day","ug.m-3",4079,"Madrid",3266130,"MORATALAZ"
"es1426a",37344,"o3","Ozone (air)","dymax","ug.m-3",4079,"Madrid",3266130,"MORATALAZ"
"es1426a",37345,"o3","Ozone (air)","hour","ug.m-3",96537,"Madrid",3266130,"MORATALAZ"
"es1426a",37347,"no2","Nitrogen dioxide (air)","day","ug.m-3",5166,"Madrid",3266130,"MORATALAZ"
"es1426a",37348,"no2","Nitrogen dioxide (air)","hour","ug.m-3",123342,"Madrid",3266130,"MORATALAZ"
"es1438a",117292,"no2","Nitrogen dioxide (air)","hour","ug.m-3",51405,"Barcelona",1636763,"Barcelona (l'Eixample)"
"es1438a",117290,"pm10","Particulate matter < 10 µm (aerosol)","day","ug.m-3",2475,"Barcelona",1636763,"Barcelona (l'Eixample)"
"es1438a",117291,"o3","Ozone (air)","hour","ug.m-3",16842,"Barcelona",1636763,"Barcelona (l'Eixample)"
"es1438a",37514,"pm10","Particulate matter < 10 µm (aerosol)","day","ug.m-3",1673,"Barcelona",1636763,"Barcelona (l'Eixample)"
"es1438a",117297,"no","Nitrogen monoxide (air)","hour","ug.m-3",51427,"Barcelona",1636763,"Barcelona (l'Eixample)"
"es1438a",117304,"pm2.5","Particulate matter < 2.5 µm (aerosol)","day","ug.m-3",2119,"Barcelona",1636763,"Barcelona (l'Eixample)"
"es1438a",37517,"o3","Ozone (air)","hour","ug.m-3",107359,"Barcelona",1636763,"Barcelona (l'Eixample)"
"es1438a",37518,"o3","Ozone (air)","hour8","ug.m-3",109706,"Barcelona",1636763,"Barcelona (l'Eixample)"
"es1438a",37519,"no2","Nitrogen dioxide (air)","day","ug.m-3",4422,"Barcelona",1636763,"Barcelona (l'Eixample)"
"es1438a",37520,"no2","Nitrogen dioxide (air)","hour","ug.m-3",101289,"Barcelona",1636763,"Barcelona (l'Eixample)"
"es1438a",37533,"no","Nitrogen monoxide (air)","day","ug.m-3",3634,"Barcelona",1636763,"Barcelona (l'Eixample)"
"es1438a",37534,"no","Nitrogen monoxide (air)","hour","ug.m-3",83143,"Barcelona",1636763,"Barcelona (l'Eixample)"
"es1438a",37536,"pm2.5","Particulate matter < 2.5 µm (aerosol)","day","ug.m-3",646,"Barcelona",1636763,"Barcelona (l'Eixample)"
"es1438a",37515,"o3","Ozone (air)","day","ug.m-3",4664,"Barcelona",1636763,"Barcelona (l'Eixample)"
"es1438a",37516,"o3","Ozone (air)","dymax","ug.m-3",4659,"Barcelona",1636763,"Barcelona (l'Eixample)"
"es1479a",37827,"pm10","Particulate matter < 10 µm (aerosol)","day","ug.m-3",58,"Cádiz",116027,"Avenida Marconi"
"es1479a",37828,"o3","Ozone (air)","day","ug.m-3",3877,"Cádiz",116027,"Avenida Marconi"
"es1479a",37825,"pm10","Particulate matter < 10 µm (aerosol)","day","ug.m-3",2069,"Cádiz",116027,"Avenida Marconi"
"es1479a",37826,"pm10","Particulate matter < 10 µm (aerosol)","hour","ug.m-3",25088,"Cádiz",116027,"Avenida Marconi"
"es1479a",117455,"pm10","Particulate matter < 10 µm (aerosol)","day","ug.m-3",349,"Cádiz",116027,"Avenida Marconi"
"es1479a",117456,"o3","Ozone (air)","hour","ug.m-3",59563,"Cádiz",116027,"Avenida Marconi"
"es1479a",117457,"no2","Nitrogen dioxide (air)","hour","ug.m-3",51228,"Cádiz",116027,"Avenida Marconi"
"es1479a",117463,"no","Nitrogen monoxide (air)","hour","ug.m-3",51260,"Cádiz",116027,"Avenida Marconi"
"es1479a",117471,"pm2.5","Particulate matter < 2.5 µm (aerosol)","day","ug.m-3",353,"Cádiz",116027,"Avenida Marconi"
"es1479a",37831,"o3","Ozone (air)","hour8","ug.m-3",92736,"Cádiz",116027,"Avenida Marconi"
"es1479a",37832,"no2","Nitrogen dioxide (air)","day","ug.m-3",2063,"Cádiz",116027,"Avenida Marconi"
"es1479a",37829,"o3","Ozone (air)","dymax","ug.m-3",3877,"Cádiz",116027,"Avenida Marconi"
"es1479a",37830,"o3","Ozone (air)","hour","ug.m-3",91718,"Cádiz",116027,"Avenida Marconi"
"es1479a",37847,"no","Nitrogen monoxide (air)","hour","ug.m-3",48388,"Cádiz",116027,"Avenida Marconi"
"es1479a",37833,"no2","Nitrogen dioxide (air)","hour","ug.m-3",48401,"Cádiz",116027,"Avenida Marconi"
"es1479a",37846,"no","Nitrogen monoxide (air)","day","ug.m-3",2062,"Cádiz",116027,"Avenida Marconi"
"es1480a",117474,"o3","Ozone (air)","hour","ug.m-3",16843,"Barcelona",1636762,"Gràcia-Sant Gervasi"
"es1480a",117473,"pm10","Particulate matter < 10 µm (aerosol)","day","ug.m-3",2331,"Barcelona",1636762,"Gràcia-Sant Gervasi"
"es1480a",37862,"no2","Nitrogen dioxide (air)","hour","ug.m-3",116848,"Barcelona",1636762,"Gràcia-Sant Gervasi"
"es1480a",117475,"no2","Nitrogen dioxide (air)","hour","ug.m-3",51024,"Barcelona",1636762,"Gràcia-Sant Gervasi"
"es1480a",117480,"no","Nitrogen monoxide (air)","hour","ug.m-3",50936,"Barcelona",1636762,"Gràcia-Sant Gervasi"
"es1480a",117486,"pm2.5","Particulate matter < 2.5 µm (aerosol)","day","ug.m-3",2107,"Barcelona",1636762,"Gràcia-Sant Gervasi"
"es1480a",37856,"pm10","Particulate matter < 10 µm (aerosol)","day","ug.m-3",1967,"Barcelona",1636762,"Gràcia-Sant Gervasi"
"es1480a",37857,"o3","Ozone (air)","day","ug.m-3",5075,"Barcelona",1636762,"Gràcia-Sant Gervasi"
"es1480a",37858,"o3","Ozone (air)","dymax","ug.m-3",5076,"Barcelona",1636762,"Gràcia-Sant Gervasi"
"es1480a",37859,"o3","Ozone (air)","hour","ug.m-3",119427,"Barcelona",1636762,"Gràcia-Sant Gervasi"
"es1480a",37860,"o3","Ozone (air)","hour8","ug.m-3",120540,"Barcelona",1636762,"Gràcia-Sant Gervasi"
"es1480a",37861,"no2","Nitrogen dioxide (air)","day","ug.m-3",5000,"Barcelona",1636762,"Gràcia-Sant Gervasi"
"es1480a",37875,"no","Nitrogen monoxide (air)","day","ug.m-3",4468,"Barcelona",1636762,"Gràcia-Sant Gervasi"
"es1480a",37876,"no","Nitrogen monoxide (air)","hour","ug.m-3",104616,"Barcelona",1636762,"Gràcia-Sant Gervasi"
"es1480a",37878,"pm2.5","Particulate matter < 2.5 µm (aerosol)","day","ug.m-3",956,"Barcelona",1636762,"Gràcia-Sant Gervasi"
"es1492a",117511,"pm10","Particulate matter < 10 µm (aerosol)","day","ug.m-3",823,"Vitoria",251775,"TRES MARZO"
"es1492a",38019,"pm10","Particulate matter < 10 µm (aerosol)","day","ug.m-3",4202,"Vitoria",251775,"TRES MARZO"
"es1492a",38020,"pm10","Particulate matter < 10 µm (aerosol)","hour","ug.m-3",99562,"Vitoria",251775,"TRES MARZO"
"es1492a",38021,"pm10","Particulate matter < 10 µm (aerosol)","day","ug.m-3",47,"Vitoria",251775,"TRES MARZO"
"es1492a",38022,"pm10","Particulate matter < 10 µm (aerosol)","hour","ug.m-3",1098,"Vitoria",251775,"TRES MARZO"
"es1492a",38023,"o3","Ozone (air)","day","ug.m-3",4984,"Vitoria",251775,"TRES MARZO"
"es1492a",38024,"o3","Ozone (air)","dymax","ug.m-3",4980,"Vitoria",251775,"TRES MARZO"
"es1492a",38025,"o3","Ozone (air)","hour","ug.m-3",114768,"Vitoria",251775,"TRES MARZO"
"es1492a",38026,"o3","Ozone (air)","hour8","ug.m-3",119214,"Vitoria",251775,"TRES MARZO"
"es1492a",38027,"no2","Nitrogen dioxide (air)","day","ug.m-3",5287,"Vitoria",251775,"TRES MARZO"
"es1492a",38028,"no2","Nitrogen dioxide (air)","hour","ug.m-3",125646,"Vitoria",251775,"TRES MARZO"
"es1492a",38039,"no","Nitrogen monoxide (air)","day","ug.m-3",4648,"Vitoria",251775,"TRES MARZO"
"es1492a",38040,"no","Nitrogen monoxide (air)","hour","ug.m-3",110605,"Vitoria",251775,"TRES MARZO"
"es1492a",117512,"pm10","Particulate matter < 10 µm (aerosol)","hour","ug.m-3",33701,"Vitoria",251775,"TRES MARZO"
"es1492a",117513,"no2","Nitrogen dioxide (air)","hour","ug.m-3",51646,"Vitoria",251775,"TRES MARZO"
"es1492a",117517,"no","Nitrogen monoxide (air)","hour","ug.m-3",51645,"Vitoria",251775,"TRES MARZO"
"es1492a",117543,"pm2.5","Particulate matter < 2.5 µm (aerosol)","hour","ug.m-3",39978,"Vitoria",251775,"TRES MARZO"
"es1494a",38055,"o3","Ozone (air)","hour","ug.m-3",111961,"San Sebastián",187416,"ATEGORRIETA"
"es1494a",38056,"o3","Ozone (air)","hour8","ug.m-3",117541,"San Sebastián",187416,"ATEGORRIETA"
"es1494a",38057,"no2","Nitrogen dioxide (air)","day","ug.m-3",4859,"San Sebastián",187416,"ATEGORRIETA"
"es1494a",38058,"no2","Nitrogen dioxide (air)","hour","ug.m-3",114690,"San Sebastián",187416,"ATEGORRIETA"
"es1494a",38065,"no","Nitrogen monoxide (air)","day","ug.m-3",4317,"San Sebastián",187416,"ATEGORRIETA"
"es1494a",38066,"no","Nitrogen monoxide (air)","hour","ug.m-3",102092,"San Sebastián",187416,"ATEGORRIETA"
"es1494a",38067,"pm2.5","Particulate matter < 2.5 µm (aerosol)","day","ug.m-3",363,"San Sebastián",187416,"ATEGORRIETA"
"es1494a",38068,"pm2.5","Particulate matter < 2.5 µm (aerosol)","hour","ug.m-3",8306,"San Sebastián",187416,"ATEGORRIETA"
"es1494a",38054,"o3","Ozone (air)","dymax","ug.m-3",4916,"San Sebastián",187416,"ATEGORRIETA"
"es1494a",38051,"pm10","Particulate matter < 10 µm (aerosol)","day","ug.m-3",4309,"San Sebastián",187416,"ATEGORRIETA"
"es1494a",38052,"pm10","Particulate matter < 10 µm (aerosol)","hour","ug.m-3",101618,"San Sebastián",187416,"ATEGORRIETA"
"es1494a",38053,"o3","Ozone (air)","day","ug.m-3",4918,"San Sebastián",187416,"ATEGORRIETA"
"es1494a",117550,"no","Nitrogen monoxide (air)","hour","ug.m-3",48702,"San Sebastián",187416,"ATEGORRIETA"
"es1494a",117545,"pm10","Particulate matter < 10 µm (aerosol)","hour","ug.m-3",40384,"San Sebastián",187416,"ATEGORRIETA"
"es1494a",117546,"o3","Ozone (air)","hour","ug.m-3",5578,"San Sebastián",187416,"ATEGORRIETA"
"es1494a",117547,"no2","Nitrogen dioxide (air)","hour","ug.m-3",48703,"San Sebastián",187416,"ATEGORRIETA"
"es1494a",117551,"pm2.5","Particulate matter < 2.5 µm (aerosol)","hour","ug.m-3",42131,"San Sebastián",187416,"ATEGORRIETA"
"es1502a",38177,"pm10","Particulate matter < 10 µm (aerosol)","day","ug.m-3",4059,"Vitoria",251774,"Avenida de Gasteiz"
"es1502a",117577,"pm10","Particulate matter < 10 µm (aerosol)","hour","ug.m-3",40654,"Vitoria",251774,"Avenida de Gasteiz"
"es1502a",117578,"no2","Nitrogen dioxide (air)","hour","ug.m-3",42862,"Vitoria",251774,"Avenida de Gasteiz"
"es1502a",117582,"no","Nitrogen monoxide (air)","hour","ug.m-3",42903,"Vitoria",251774,"Avenida de Gasteiz"
"es1502a",38181,"o3","Ozone (air)","hour","ug.m-3",91311,"Vitoria",251774,"Avenida de Gasteiz"
"es1502a",38178,"pm10","Particulate matter < 10 µm (aerosol)","hour","ug.m-3",95877,"Vitoria",251774,"Avenida de Gasteiz"
"es1502a",38179,"o3","Ozone (air)","day","ug.m-3",3925,"Vitoria",251774,"Avenida de Gasteiz"
"es1502a",38180,"o3","Ozone (air)","dymax","ug.m-3",3924,"Vitoria",251774,"Avenida de Gasteiz"
"es1502a",38187,"no","Nitrogen monoxide (air)","day","ug.m-3",3956,"Vitoria",251774,"Avenida de Gasteiz"
"es1502a",38182,"o3","Ozone (air)","hour8","ug.m-3",93921,"Vitoria",251774,"Avenida de Gasteiz"
"es1502a",38183,"no2","Nitrogen dioxide (air)","day","ug.m-3",3956,"Vitoria",251774,"Avenida de Gasteiz"
"es1502a",38184,"no2","Nitrogen dioxide (air)","hour","ug.m-3",93823,"Vitoria",251774,"Avenida de Gasteiz"
"es1502a",38188,"no","Nitrogen monoxide (air)","hour","ug.m-3",93523,"Vitoria",251774,"Avenida de Gasteiz"
"es1521a",38277,"o3","Ozone (air)","dymax","ug.m-3",3887,"Madrid",3266131,"BARRIO DEL PILAR"
"es1521a",38274,"pm10","Particulate matter < 10 µm (aerosol)","day","ug.m-3",2782,"Madrid",3266131,"BARRIO DEL PILAR"
"es1521a",38275,"pm10","Particulate matter < 10 µm (aerosol)","hour","ug.m-3",66014,"Madrid",3266131,"BARRIO DEL PILAR"
"es1521a",38276,"o3","Ozone (air)","day","ug.m-3",3890,"Madrid",3266131,"BARRIO DEL PILAR"
"es1521a",117627,"o3","Ozone (air)","hour","ug.m-3",60975,"Madrid",3266131,"BARRIO DEL PILAR"
"es1521a",117629,"no2","Nitrogen dioxide (air)","hour","ug.m-3",52136,"Madrid",3266131,"BARRIO DEL PILAR"
"es1521a",117635,"no","Nitrogen monoxide (air)","hour","ug.m-3",52136,"Madrid",3266131,"BARRIO DEL PILAR"
"es1521a",38279,"o3","Ozone (air)","hour8","ug.m-3",93162,"Madrid",3266131,"BARRIO DEL PILAR"
"es1521a",38280,"no2","Nitrogen dioxide (air)","day","ug.m-3",3890,"Madrid",3266131,"BARRIO DEL PILAR"
"es1521a",38281,"no2","Nitrogen dioxide (air)","hour","ug.m-3",92984,"Madrid",3266131,"BARRIO DEL PILAR"
"es1521a",38288,"no","Nitrogen monoxide (air)","day","ug.m-3",3890,"Madrid",3266131,"BARRIO DEL PILAR"
"es1521a",38289,"no","Nitrogen monoxide (air)","hour","ug.m-3",92983,"Madrid",3266131,"BARRIO DEL PILAR"
"es1521a",38278,"o3","Ozone (air)","hour","ug.m-3",91703,"Madrid",3266131,"BARRIO DEL PILAR"
"es1525a",38292,"pm10","Particulate matter < 10 µm (aerosol)","day","ug.m-3",1459,"Madrid",3266132,"CUATRO CAMINOS-PABLO IGLESIAS"
"es1525a",38293,"pm10","Particulate matter < 10 µm (aerosol)","hour","ug.m-3",34874,"Madrid",3266132,"CUATRO CAMINOS-PABLO IGLESIAS"
"es1525a",38294,"o3","Ozone (air)","day","ug.m-3",2915,"Madrid",3266132,"CUATRO CAMINOS-PABLO IGLESIAS"
"es1525a",38296,"o3","Ozone (air)","hour","ug.m-3",68430,"Madrid",3266132,"CUATRO CAMINOS-PABLO IGLESIAS"
"es1525a",38297,"o3","Ozone (air)","hour8","ug.m-3",69768,"Madrid",3266132,"CUATRO CAMINOS-PABLO IGLESIAS"
"es1525a",38298,"no2","Nitrogen dioxide (air)","day","ug.m-3",1824,"Madrid",3266132,"CUATRO CAMINOS-PABLO IGLESIAS"
"es1525a",38295,"o3","Ozone (air)","dymax","ug.m-3",2913,"Madrid",3266132,"CUATRO CAMINOS-PABLO IGLESIAS"
"es1525a",38311,"no","Nitrogen monoxide (air)","hour","ug.m-3",34932,"Madrid",3266132,"CUATRO CAMINOS-PABLO IGLESIAS"
"es1525a",38314,"pm2.5","Particulate matter < 2.5 µm (aerosol)","day","ug.m-3",1647,"Madrid",3266132,"CUATRO CAMINOS-PABLO IGLESIAS"
"es1525a",38315,"pm2.5","Particulate matter < 2.5 µm (aerosol)","hour","ug.m-3",39086,"Madrid",3266132,"CUATRO CAMINOS-PABLO IGLESIAS"
"es1525a",117649,"pm2.5","Particulate matter < 2.5 µm (aerosol)","hour","ug.m-3",51779,"Madrid",3266132,"CUATRO CAMINOS-PABLO IGLESIAS"
"es1525a",38299,"no2","Nitrogen dioxide (air)","hour","ug.m-3",43685,"Madrid",3266132,"CUATRO CAMINOS-PABLO IGLESIAS"
"es1525a",38310,"no","Nitrogen monoxide (air)","day","ug.m-3",1459,"Madrid",3266132,"CUATRO CAMINOS-PABLO IGLESIAS"
"es1525a",117638,"pm10","Particulate matter < 10 µm (aerosol)","hour","ug.m-3",34843,"Madrid",3266132,"CUATRO CAMINOS-PABLO IGLESIAS"
"es1525a",117640,"no2","Nitrogen dioxide (air)","hour","ug.m-3",52446,"Madrid",3266132,"CUATRO CAMINOS-PABLO IGLESIAS"
"es1525a",117646,"no","Nitrogen monoxide (air)","hour","ug.m-3",52446,"Madrid",3266132,"CUATRO CAMINOS-PABLO IGLESIAS"
"es1560a",38703,"pm10","Particulate matter < 10 µm (aerosol)","day","ug.m-3",112,"Granada",232462,"Norte"
"es1560a",38704,"o3","Ozone (air)","day","ug.m-3",3939,"Granada",232462,"Norte"
"es1560a",38705,"o3","Ozone (air)","dymax","ug.m-3",3943,"Granada",232462,"Norte"
"es1560a",38702,"pm10","Particulate matter < 10 µm (aerosol)","hour","ug.m-3",66334,"Granada",232462,"Norte"
"es1560a",38707,"o3","Ozone (air)","hour8","ug.m-3",93754,"Granada",232462,"Norte"
"es1560a",38708,"no2","Nitrogen dioxide (air)","day","ug.m-3",4153,"Granada",232462,"Norte"
"es1560a",38709,"no2","Nitrogen dioxide (air)","hour","ug.m-3",98268,"Granada",232462,"Norte"
"es1560a",38706,"o3","Ozone (air)","hour","ug.m-3",92866,"Granada",232462,"Norte"
"es1560a",38701,"pm10","Particulate matter < 10 µm (aerosol)","day","ug.m-3",3485,"Granada",232462,"Norte"
"es1560a",117879,"pm10","Particulate matter < 10 µm (aerosol)","day","ug.m-3",390,"Granada",232462,"Norte"
"es1560a",117880,"no2","Nitrogen dioxide (air)","hour","ug.m-3",51844,"Granada",232462,"Norte"
"es1560a",117887,"no","Nitrogen monoxide (air)","hour","ug.m-3",51849,"Granada",232462,"Norte"
"es1560a",117906,"pm2.5","Particulate matter < 2.5 µm (aerosol)","day","ug.m-3",1026,"Granada",232462,"Norte"
"es1560a",38727,"no","Nitrogen monoxide (air)","hour","ug.m-3",98284,"Granada",232462,"Norte"
"es1560a",38751,"pm2.5","Particulate matter < 2.5 µm (aerosol)","day","ug.m-3",404,"Granada",232462,"Norte"
"es1560a",38726,"no","Nitrogen monoxide (air)","day","ug.m-3",4153,"Granada",232462,"Norte"
"es1563a",38763,"o3","Ozone (air)","hour8","ug.m-3",4349,"Alcalá de Henares",195649,"Alcalá de Henares"
"es1563a",38761,"o3","Ozone (air)","dymax","ug.m-3",183,"Alcalá de Henares",195649,"Alcalá de Henares"
"es1563a",38762,"o3","Ozone (air)","hour","ug.m-3",4312,"Alcalá de Henares",195649,"Alcalá de Henares"
"es1563a",38754,"pm10","Particulate matter < 10 µm (aerosol)","day","ug.m-3",4366,"Alcalá de Henares",195649,"Alcalá de Henares"
"es1563a",38755,"pm10","Particulate matter < 10 µm (aerosol)","hour","ug.m-3",103545,"Alcalá de Henares",195649,"Alcalá de Henares"
"es1563a",38756,"o3","Ozone (air)","day","ug.m-3",4372,"Alcalá de Henares",195649,"Alcalá de Henares"
"es1563a",38757,"o3","Ozone (air)","dymax","ug.m-3",4374,"Alcalá de Henares",195649,"Alcalá de Henares"
"es1563a",38758,"o3","Ozone (air)","hour","ug.m-3",103347,"Alcalá de Henares",195649,"Alcalá de Henares"
"es1563a",38759,"o3","Ozone (air)","hour8","ug.m-3",104711,"Alcalá de Henares",195649,"Alcalá de Henares"
"es1563a",38760,"o3","Ozone (air)","day","ug.m-3",183,"Alcalá de Henares",195649,"Alcalá de Henares"
"es1563a",117908,"pm10","Particulate matter < 10 µm (aerosol)","hour","ug.m-3",52200,"Alcalá de Henares",195649,"Alcalá de Henares"
"es1563a",117909,"o3","Ozone (air)","hour","ug.m-3",60470,"Alcalá de Henares",195649,"Alcalá de Henares"
"es1563a",117911,"no2","Nitrogen dioxide (air)","hour","ug.m-3",51647,"Alcalá de Henares",195649,"Alcalá de Henares"
"es1563a",117914,"no","Nitrogen monoxide (air)","hour","ug.m-3",51691,"Alcalá de Henares",195649,"Alcalá de Henares"
"es1563a",38774,"no","Nitrogen monoxide (air)","hour","ug.m-3",103741,"Alcalá de Henares",195649,"Alcalá de Henares"
"es1563a",38764,"no2","Nitrogen dioxide (air)","day","ug.m-3",4371,"Alcalá de Henares",195649,"Alcalá de Henares"
"es1563a",38765,"no2","Nitrogen dioxide (air)","hour","ug.m-3",103707,"Alcalá de Henares",195649,"Alcalá de Henares"
"es1563a",38773,"no","Nitrogen monoxide (air)","day","ug.m-3",4371,"Alcalá de Henares",195649,"Alcalá de Henares"
"es1564a",117916,"pm10","Particulate matter < 10 µm (aerosol)","hour","ug.m-3",52082,"Alcobendas",117040,"Alcobendas"
"es1564a",38779,"pm10","Particulate matter < 10 µm (aerosol)","day","ug.m-3",4359,"Alcobendas",117040,"Alcobendas"
"es1564a",38780,"pm10","Particulate matter < 10 µm (aerosol)","hour","ug.m-3",103336,"Alcobendas",117040,"Alcobendas"
"es1564a",38781,"o3","Ozone (air)","day","ug.m-3",4367,"Alcobendas",117040,"Alcobendas"
"es1564a",38782,"o3","Ozone (air)","dymax","ug.m-3",4369,"Alcobendas",117040,"Alcobendas"
"es1564a",38783,"o3","Ozone (air)","hour","ug.m-3",103365,"Alcobendas",117040,"Alcobendas"
"es1564a",38784,"o3","Ozone (air)","hour8","ug.m-3",104479,"Alcobendas",117040,"Alcobendas"
"es1564a",38785,"no2","Nitrogen dioxide (air)","day","ug.m-3",4373,"Alcobendas",117040,"Alcobendas"
"es1564a",38786,"no2","Nitrogen dioxide (air)","hour","ug.m-3",103884,"Alcobendas",117040,"Alcobendas"
"es1564a",38806,"no","Nitrogen monoxide (air)","day","ug.m-3",4373,"Alcobendas",117040,"Alcobendas"
"es1564a",117918,"o3","Ozone (air)","hour","ug.m-3",60509,"Alcobendas",117040,"Alcobendas"
"es1564a",117920,"no2","Nitrogen dioxide (air)","hour","ug.m-3",51790,"Alcobendas",117040,"Alcobendas"
"es1564a",117927,"no","Nitrogen monoxide (air)","hour","ug.m-3",51803,"Alcobendas",117040,"Alcobendas"
"es1564a",38807,"no","Nitrogen monoxide (air)","hour","ug.m-3",103888,"Alcobendas",117040,"Alcobendas"
"es1567a",117940,"pm10","Particulate matter < 10 µm (aerosol)","hour","ug.m-3",52223,"Leganés",189861,"Leganés"
"es1567a",117941,"o3","Ozone (air)","hour","ug.m-3",60490,"Leganés",189861,"Leganés"
"es1567a",117945,"no","Nitrogen monoxide (air)","hour","ug.m-3",51817,"Leganés",189861,"Leganés"
"es1567a",38912,"no2","Nitrogen dioxide (air)","day","ug.m-3",4371,"Leganés",189861,"Leganés"
"es1567a",38913,"no2","Nitrogen dioxide (air)","hour","ug.m-3",103906,"Leganés",189861,"Leganés"
"es1567a",117942,"no2","Nitrogen dioxide (air)","hour","ug.m-3",51832,"Leganés",189861,"Leganés"
"es1567a",38922,"no","Nitrogen monoxide (air)","hour","ug.m-3",104100,"Leganés",189861,"Leganés"
"es1567a",38907,"pm10","Particulate matter < 10 µm (aerosol)","hour","ug.m-3",104307,"Leganés",189861,"Leganés"
"es1567a",38908,"o3","Ozone (air)","day","ug.m-3",4376,"Leganés",189861,"Leganés"
"es1567a",38921,"no","Nitrogen monoxide (air)","day","ug.m-3",4378,"Leganés",189861,"Leganés"
"es1567a",38906,"pm10","Particulate matter < 10 µm (aerosol)","day","ug.m-3",4374,"Leganés",189861,"Leganés"
"es1567a",38911,"o3","Ozone (air)","hour8","ug.m-3",104836,"Leganés",189861,"Leganés"
"es1567a",38909,"o3","Ozone (air)","dymax","ug.m-3",4378,"Leganés",189861,"Leganés"
"es1567a",38910,"o3","Ozone (air)","hour","ug.m-3",103943,"Leganés",189861,"Leganés"
"es1573a",117996,"pm2.5","Particulate matter < 2.5 µm (aerosol)","hour","ug.m-3",14527,"Las Palmas de Gran Canaria",379925,"Mercado Central"
"es1573a",117995,"no","Nitrogen monoxide (air)","hour","ug.m-3",46060,"Las Palmas de Gran Canaria",379925,"Mercado Central"
"es1573a",39020,"pm2.5","Particulate matter < 2.5 µm (aerosol)","hour","ug.m-3",74354,"Las Palmas de Gran Canaria",379925,"Mercado Central"
"es1573a",117989,"pm10","Particulate matter < 10 µm (aerosol)","hour","ug.m-3",6633,"Las Palmas de Gran Canaria",379925,"Mercado Central"
"es1573a",117991,"o3","Ozone (air)","hour","ug.m-3",35531,"Las Palmas de Gran Canaria",379925,"Mercado Central"
"es1573a",117992,"no2","Nitrogen dioxide (air)","hour","ug.m-3",46193,"Las Palmas de Gran Canaria",379925,"Mercado Central"
"es1573a",39003,"pm10","Particulate matter < 10 µm (aerosol)","day","ug.m-3",4108,"Las Palmas de Gran Canaria",379925,"Mercado Central"
"es1573a",39004,"pm10","Particulate matter < 10 µm (aerosol)","hour","ug.m-3",96496,"Las Palmas de Gran Canaria",379925,"Mercado Central"
"es1573a",39005,"o3","Ozone (air)","day","ug.m-3",4174,"Las Palmas de Gran Canaria",379925,"Mercado Central"
"es1573a",39006,"o3","Ozone (air)","dymax","ug.m-3",4179,"Las Palmas de Gran Canaria",379925,"Mercado Central"
"es1573a",39007,"o3","Ozone (air)","hour","ug.m-3",97869,"Las Palmas de Gran Canaria",379925,"Mercado Central"
"es1573a",39008,"o3","Ozone (air)","hour8","ug.m-3",99327,"Las Palmas de Gran Canaria",379925,"Mercado Central"
"es1573a",39009,"no2","Nitrogen dioxide (air)","day","ug.m-3",3971,"Las Palmas de Gran Canaria",379925,"Mercado Central"
"es1573a",39010,"no2","Nitrogen dioxide (air)","hour","ug.m-3",93259,"Las Palmas de Gran Canaria",379925,"Mercado Central"
"es1573a",39017,"no","Nitrogen monoxide (air)","day","ug.m-3",4175,"Las Palmas de Gran Canaria",379925,"Mercado Central"
"es1573a",39018,"no","Nitrogen monoxide (air)","hour","ug.m-3",98116,"Las Palmas de Gran Canaria",379925,"Mercado Central"
"es1573a",39019,"pm2.5","Particulate matter < 2.5 µm (aerosol)","day","ug.m-3",3150,"Las Palmas de Gran Canaria",379925,"Mercado Central"
"es1573a",117988,"pm10","Particulate matter < 10 µm (aerosol)","hour","ug.m-3",16970,"Las Palmas de Gran Canaria",379925,"Mercado Central"
"es1573a",117997,"pm2.5","Particulate matter < 2.5 µm (aerosol)","hour","ug.m-3",5715,"Las Palmas de Gran Canaria",379925,"Mercado Central"
"es1580a",39111,"pm10","Particulate matter < 10 µm (aerosol)","hour","ug.m-3",94190,"Santander",172539,"Centro"
"es1580a",39112,"o3","Ozone (air)","day","ug.m-3",1442,"Santander",172539,"Centro"
"es1580a",39113,"o3","Ozone (air)","dymax","ug.m-3",1444,"Santander",172539,"Centro"
"es1580a",39110,"pm10","Particulate matter < 10 µm (aerosol)","day","ug.m-3",3983,"Santander",172539,"Centro"
"es1580a",39116,"no2","Nitrogen dioxide (air)","day","ug.m-3",3986,"Santander",172539,"Centro"
"es1580a",39117,"no2","Nitrogen dioxide (air)","hour","ug.m-3",94352,"Santander",172539,"Centro"
"es1580a",39126,"no","Nitrogen monoxide (air)","day","ug.m-3",3986,"Santander",172539,"Centro"
"es1580a",39127,"no","Nitrogen monoxide (air)","hour","ug.m-3",94351,"Santander",172539,"Centro"
"es1580a",118052,"no","Nitrogen monoxide (air)","hour","ug.m-3",51545,"Santander",172539,"Centro"
"es1580a",39114,"o3","Ozone (air)","hour","ug.m-3",34163,"Santander",172539,"Centro"
"es1580a",39115,"o3","Ozone (air)","hour8","ug.m-3",34402,"Santander",172539,"Centro"
"es1580a",118045,"pm10","Particulate matter < 10 µm (aerosol)","hour","ug.m-3",52073,"Santander",172539,"Centro"
"es1580a",118046,"no2","Nitrogen dioxide (air)","hour","ug.m-3",50989,"Santander",172539,"Centro"
"es1610a",39532,"pm10","Particulate matter < 10 µm (aerosol)","hour","ug.m-3",68917,"Palma",416065,"Foners"
"es1610a",39533,"o3","Ozone (air)","day","ug.m-3",3558,"Palma",416065,"Foners"
"es1610a",39534,"o3","Ozone (air)","dymax","ug.m-3",3576,"Palma",416065,"Foners"
"es1610a",39535,"o3","Ozone (air)","hour","ug.m-3",82925,"Palma",416065,"Foners"
"es1610a",39536,"o3","Ozone (air)","hour8","ug.m-3",84591,"Palma",416065,"Foners"
"es1610a",39537,"no2","Nitrogen dioxide (air)","day","ug.m-3",3598,"Palma",416065,"Foners"
"es1610a",39538,"no2","Nitrogen dioxide (air)","hour","ug.m-3",83930,"Palma",416065,"Foners"
"es1610a",39553,"no","Nitrogen monoxide (air)","day","ug.m-3",3612,"Palma",416065,"Foners"
"es1610a",39531,"pm10","Particulate matter < 10 µm (aerosol)","day","ug.m-3",2975,"Palma",416065,"Foners"
"es1610a",118184,"pm10","Particulate matter < 10 µm (aerosol)","hour","ug.m-3",47192,"Palma",416065,"Foners"
"es1610a",118185,"o3","Ozone (air)","hour","ug.m-3",48926,"Palma",416065,"Foners"
"es1610a",118187,"no2","Nitrogen dioxide (air)","hour","ug.m-3",46151,"Palma",416065,"Foners"
"es1610a",118193,"no","Nitrogen monoxide (air)","hour","ug.m-3",46068,"Palma",416065,"Foners"
"es1610a",39554,"no","Nitrogen monoxide (air)","hour","ug.m-3",84178,"Palma",416065,"Foners"
"es1610a",39564,"pm2.5","Particulate matter < 2.5 µm (aerosol)","day","ug.m-3",882,"Palma",416065,"Foners"
"es1610a",39565,"pm2.5","Particulate matter < 2.5 µm (aerosol)","hour","ug.m-3",20889,"Palma",416065,"Foners"
"es1618a",39794,"no","Nitrogen monoxide (air)","hour","ug.m-3",85105,"Salamanca",144228,"SALAMANCA 5"
"es1618a",39785,"no2","Nitrogen dioxide (air)","day","ug.m-3",3600,"Salamanca",144228,"SALAMANCA 5"
"es1618a",39786,"no2","Nitrogen dioxide (air)","hour","ug.m-3",85348,"Salamanca",144228,"SALAMANCA 5"
"es1618a",39793,"no","Nitrogen monoxide (air)","day","ug.m-3",3592,"Salamanca",144228,"SALAMANCA 5"
"es1618a",39779,"pm10","Particulate matter < 10 µm (aerosol)","day","ug.m-3",3540,"Salamanca",144228,"SALAMANCA 5"
"es1618a",39780,"pm10","Particulate matter < 10 µm (aerosol)","hour","ug.m-3",83416,"Salamanca",144228,"SALAMANCA 5"
"es1618a",39781,"o3","Ozone (air)","day","ug.m-3",924,"Salamanca",144228,"SALAMANCA 5"
"es1618a",39782,"o3","Ozone (air)","dymax","ug.m-3",925,"Salamanca",144228,"SALAMANCA 5"
"es1618a",39783,"o3","Ozone (air)","hour","ug.m-3",21888,"Salamanca",144228,"SALAMANCA 5"
"es1618a",39784,"o3","Ozone (air)","hour8","ug.m-3",22070,"Salamanca",144228,"SALAMANCA 5"
"es1618a",118278,"pm10","Particulate matter < 10 µm (aerosol)","hour","ug.m-3",51360,"Salamanca",144228,"SALAMANCA 5"
"es1618a",118279,"no2","Nitrogen dioxide (air)","hour","ug.m-3",51937,"Salamanca",144228,"SALAMANCA 5"
"es1618a",118284,"no","Nitrogen monoxide (air)","hour","ug.m-3",51937,"Salamanca",144228,"SALAMANCA 5"
"es1625a",39970,"pm2.5","Particulate matter < 2.5 µm (aerosol)","hour","ug.m-3",7479,"Valencia",38024,"BURJASSOT - FACULTATS"
"es1625a",39942,"pm10","Particulate matter < 10 µm (aerosol)","day","ug.m-3",2023,"Valencia",38024,"BURJASSOT - FACULTATS"
"es1625a",39943,"o3","Ozone (air)","day","ug.m-3",2341,"Valencia",38024,"BURJASSOT - FACULTATS"
"es1625a",39944,"o3","Ozone (air)","dymax","ug.m-3",2339,"Valencia",38024,"BURJASSOT - FACULTATS"
"es1625a",39945,"o3","Ozone (air)","hour","ug.m-3",54274,"Valencia",38024,"BURJASSOT - FACULTATS"
"es1625a",39946,"o3","Ozone (air)","hour8","ug.m-3",55319,"Valencia",38024,"BURJASSOT - FACULTATS"
"es1625a",39947,"no2","Nitrogen dioxide (air)","day","ug.m-3",2964,"Valencia",38024,"BURJASSOT - FACULTATS"
"es1625a",39948,"no2","Nitrogen dioxide (air)","hour","ug.m-3",67982,"Valencia",38024,"BURJASSOT - FACULTATS"
"es1625a",39960,"no","Nitrogen monoxide (air)","day","ug.m-3",2963,"Valencia",38024,"BURJASSOT - FACULTATS"
"es1625a",39961,"no","Nitrogen monoxide (air)","hour","ug.m-3",67981,"Valencia",38024,"BURJASSOT - FACULTATS"
"es1625a",39967,"pm2.5","Particulate matter < 2.5 µm (aerosol)","day","ug.m-3",801,"Valencia",38024,"BURJASSOT - FACULTATS"
"es1625a",39968,"pm2.5","Particulate matter < 2.5 µm (aerosol)","hour","ug.m-3",18333,"Valencia",38024,"BURJASSOT - FACULTATS"
"es1625a",39969,"pm2.5","Particulate matter < 2.5 µm (aerosol)","day","ug.m-3",537,"Valencia",38024,"BURJASSOT - FACULTATS"
"es1625a",118392,"pm10","Particulate matter < 10 µm (aerosol)","day","ug.m-3",2174,"Valencia",38024,"BURJASSOT - FACULTATS"
"es1625a",118393,"o3","Ozone (air)","hour","ug.m-3",58749,"Valencia",38024,"BURJASSOT - FACULTATS"
"es1625a",118395,"no2","Nitrogen dioxide (air)","hour","ug.m-3",22107,"Valencia",38024,"BURJASSOT - FACULTATS"
"es1625a",118400,"no","Nitrogen monoxide (air)","hour","ug.m-3",22107,"Valencia",38024,"BURJASSOT - FACULTATS"
"es1631a",118440,"pm10","Particulate matter < 10 µm (aerosol)","hour","ug.m-3",51336,"Valladolid",298412,"Arco de Ladrillo"
"es1631a",118441,"no2","Nitrogen dioxide (air)","hour","ug.m-3",50179,"Valladolid",298412,"Arco de Ladrillo"
"es1631a",118447,"no","Nitrogen monoxide (air)","hour","ug.m-3",50179,"Valladolid",298412,"Arco de Ladrillo"
"es1631a",118451,"pm2.5","Particulate matter < 2.5 µm (aerosol)","hour","ug.m-3",48774,"Valladolid",298412,"Arco de Ladrillo"
"es1631a",40054,"no","Nitrogen monoxide (air)","day","ug.m-3",357,"Valladolid",298412,"Arco de Ladrillo"
"es1631a",40055,"no","Nitrogen monoxide (air)","hour","ug.m-3",8270,"Valladolid",298412,"Arco de Ladrillo"
"es1631a",40062,"pm2.5","Particulate matter < 2.5 µm (aerosol)","day","ug.m-3",1094,"Valladolid",298412,"Arco de Ladrillo"
"es1631a",40063,"pm2.5","Particulate matter < 2.5 µm (aerosol)","hour","ug.m-3",24529,"Valladolid",298412,"Arco de Ladrillo"
"es1631a",40064,"pm2.5","Particulate matter < 2.5 µm (aerosol)","day","ug.m-3",1239,"Valladolid",298412,"Arco de Ladrillo"
"es1631a",40065,"pm2.5","Particulate matter < 2.5 µm (aerosol)","hour","ug.m-3",26843,"Valladolid",298412,"Arco de Ladrillo"
"es1631a",40037,"no2","Nitrogen dioxide (air)","hour","ug.m-3",66075,"Valladolid",298412,"Arco de Ladrillo"
"es1631a",40034,"pm10","Particulate matter < 10 µm (aerosol)","day","ug.m-3",2897,"Valladolid",298412,"Arco de Ladrillo"
"es1631a",40035,"pm10","Particulate matter < 10 µm (aerosol)","hour","ug.m-3",68663,"Valladolid",298412,"Arco de Ladrillo"
"es1631a",40036,"no2","Nitrogen dioxide (air)","day","ug.m-3",2827,"Valladolid",298412,"Arco de Ladrillo"
"es1631a",40052,"no","Nitrogen monoxide (air)","day","ug.m-3",2470,"Valladolid",298412,"Arco de Ladrillo"
"es1631a",40053,"no","Nitrogen monoxide (air)","hour","ug.m-3",57796,"Valladolid",298412,"Arco de Ladrillo"
"es1632a",40066,"pm10","Particulate matter < 10 µm (aerosol)","day","ug.m-3",2907,"Valladolid",298414,"VEGA SICILIA"
"es1632a",40078,"no","Nitrogen monoxide (air)","day","ug.m-3",2285,"Valladolid",298414,"VEGA SICILIA"
"es1632a",40079,"no","Nitrogen monoxide (air)","hour","ug.m-3",53258,"Valladolid",298414,"VEGA SICILIA"
"es1632a",40086,"pm2.5","Particulate matter < 2.5 µm (aerosol)","day","ug.m-3",1443,"Valladolid",298414,"VEGA SICILIA"
"es1632a",40087,"pm2.5","Particulate matter < 2.5 µm (aerosol)","hour","ug.m-3",32707,"Valladolid",298414,"VEGA SICILIA"
"es1632a",118463,"pm2.5","Particulate matter < 2.5 µm (aerosol)","hour","ug.m-3",47847,"Valladolid",298414,"VEGA SICILIA"
"es1632a",40069,"o3","Ozone (air)","dymax","ug.m-3",3836,"Valladolid",298414,"VEGA SICILIA"
"es1632a",40070,"o3","Ozone (air)","hour","ug.m-3",91277,"Valladolid",298414,"VEGA SICILIA"
"es1632a",40067,"pm10","Particulate matter < 10 µm (aerosol)","hour","ug.m-3",69018,"Valladolid",298414,"VEGA SICILIA"
"es1632a",40068,"o3","Ozone (air)","day","ug.m-3",3836,"Valladolid",298414,"VEGA SICILIA"
"es1632a",40073,"no2","Nitrogen dioxide (air)","hour","ug.m-3",53303,"Valladolid",298414,"VEGA SICILIA"
"es1632a",118452,"pm10","Particulate matter < 10 µm (aerosol)","hour","ug.m-3",51280,"Valladolid",298414,"VEGA SICILIA"
"es1632a",40071,"o3","Ozone (air)","hour8","ug.m-3",91724,"Valladolid",298414,"VEGA SICILIA"
"es1632a",40072,"no2","Nitrogen dioxide (air)","day","ug.m-3",2286,"Valladolid",298414,"VEGA SICILIA"
"es1632a",118458,"no","Nitrogen monoxide (air)","hour","ug.m-3",49050,"Valladolid",298414,"VEGA SICILIA"
"es1632a",118453,"o3","Ozone (air)","hour","ug.m-3",57749,"Valladolid",298414,"VEGA SICILIA"
"es1632a",118454,"no2","Nitrogen dioxide (air)","hour","ug.m-3",49050,"Valladolid",298414,"VEGA SICILIA"
"es1635a",40130,"o3","Ozone (air)","dymax","ug.m-3",3551,"Alicante",334888,"ALACANT-EL PLÁ"
"es1635a",40129,"o3","Ozone (air)","day","ug.m-3",3555,"Alicante",334888,"ALACANT-EL PLÁ"
"es1635a",40128,"pm10","Particulate matter < 10 µm (aerosol)","day","ug.m-3",2621,"Alicante",334888,"ALACANT-EL PLÁ"
"es1635a",118485,"pm10","Particulate matter < 10 µm (aerosol)","day","ug.m-3",2290,"Alicante",334888,"ALACANT-EL PLÁ"
"es1635a",40131,"o3","Ozone (air)","hour","ug.m-3",83573,"Alicante",334888,"ALACANT-EL PLÁ"
"es1635a",40132,"o3","Ozone (air)","hour8","ug.m-3",84480,"Alicante",334888,"ALACANT-EL PLÁ"
"es1635a",40133,"no2","Nitrogen dioxide (air)","day","ug.m-3",3243,"Alicante",334888,"ALACANT-EL PLÁ"
"es1635a",40134,"no2","Nitrogen dioxide (air)","hour","ug.m-3",73990,"Alicante",334888,"ALACANT-EL PLÁ"
"es1635a",40150,"no","Nitrogen monoxide (air)","day","ug.m-3",3243,"Alicante",334888,"ALACANT-EL PLÁ"
"es1635a",40151,"no","Nitrogen monoxide (air)","hour","ug.m-3",73989,"Alicante",334888,"ALACANT-EL PLÁ"
"es1635a",40157,"pm2.5","Particulate matter < 2.5 µm (aerosol)","day","ug.m-3",626,"Alicante",334888,"ALACANT-EL PLÁ"
"es1635a",40158,"pm2.5","Particulate matter < 2.5 µm (aerosol)","hour","ug.m-3",8483,"Alicante",334888,"ALACANT-EL PLÁ"
"es1635a",118486,"o3","Ozone (air)","hour","ug.m-3",32650,"Alicante",334888,"ALACANT-EL PLÁ"
"es1635a",118489,"no2","Nitrogen dioxide (air)","hour","ug.m-3",24390,"Alicante",334888,"ALACANT-EL PLÁ"
"es1635a",118496,"no","Nitrogen monoxide (air)","hour","ug.m-3",24360,"Alicante",334888,"ALACANT-EL PLÁ"
"es1673a",40883,"no2","Nitrogen dioxide (air)","day","ug.m-3",2743,"Vitoria",251776,"LOS HERRAN"
"es1673a",40891,"no","Nitrogen monoxide (air)","day","ug.m-3",365,"Vitoria",251776,"LOS HERRAN"
"es1673a",40884,"no2","Nitrogen dioxide (air)","hour","ug.m-3",65164,"Vitoria",251776,"LOS HERRAN"
"es1673a",40889,"no","Nitrogen monoxide (air)","day","ug.m-3",2381,"Vitoria",251776,"LOS HERRAN"
"es1673a",40890,"no","Nitrogen monoxide (air)","hour","ug.m-3",56504,"Vitoria",251776,"LOS HERRAN"
"es1673a",118798,"no2","Nitrogen dioxide (air)","hour","ug.m-3",49864,"Vitoria",251776,"LOS HERRAN"
"es1673a",118800,"no","Nitrogen monoxide (air)","hour","ug.m-3",49864,"Vitoria",251776,"LOS HERRAN"
"es1673a",118801,"pm2.5","Particulate matter < 2.5 µm (aerosol)","hour","ug.m-3",35820,"Vitoria",251776,"LOS HERRAN"
"es1673a",40892,"no","Nitrogen monoxide (air)","hour","ug.m-3",8735,"Vitoria",251776,"LOS HERRAN"
"es1673a",40893,"pm2.5","Particulate matter < 2.5 µm (aerosol)","day","ug.m-3",633,"Vitoria",251776,"LOS HERRAN"
"es1673a",40894,"pm2.5","Particulate matter < 2.5 µm (aerosol)","hour","ug.m-3",15037,"Vitoria",251776,"LOS HERRAN"
"es1697a",118934,"pm10","Particulate matter < 10 µm (aerosol)","day","ug.m-3",980,"San Sebastián",187417,"AVENIDA TOLOSA"
"es1697a",118941,"no","Nitrogen monoxide (air)","hour","ug.m-3",42236,"San Sebastián",187417,"AVENIDA TOLOSA"
"es1697a",118935,"pm10","Particulate matter < 10 µm (aerosol)","hour","ug.m-3",32459,"San Sebastián",187417,"AVENIDA TOLOSA"
"es1697a",118937,"o3","Ozone (air)","hour","ug.m-3",49998,"San Sebastián",187417,"AVENIDA TOLOSA"
"es1697a",118938,"no2","Nitrogen dioxide (air)","hour","ug.m-3",42249,"San Sebastián",187417,"AVENIDA TOLOSA"
"es1697a",41275,"no","Nitrogen monoxide (air)","hour","ug.m-3",67521,"San Sebastián",187417,"AVENIDA TOLOSA"
"es1697a",118967,"pm2.5","Particulate matter < 2.5 µm (aerosol)","day","ug.m-3",261,"San Sebastián",187417,"AVENIDA TOLOSA"
"es1697a",118968,"pm2.5","Particulate matter < 2.5 µm (aerosol)","hour","ug.m-3",21546,"San Sebastián",187417,"AVENIDA TOLOSA"
"es1697a",41274,"no","Nitrogen monoxide (air)","day","ug.m-3",2842,"San Sebastián",187417,"AVENIDA TOLOSA"
"es1697a",41260,"pm10","Particulate matter < 10 µm (aerosol)","day","ug.m-3",2230,"San Sebastián",187417,"AVENIDA TOLOSA"
"es1697a",41261,"pm10","Particulate matter < 10 µm (aerosol)","hour","ug.m-3",52123,"San Sebastián",187417,"AVENIDA TOLOSA"
"es1697a",41262,"o3","Ozone (air)","day","ug.m-3",3197,"San Sebastián",187417,"AVENIDA TOLOSA"
"es1697a",41263,"o3","Ozone (air)","dymax","ug.m-3",3198,"San Sebastián",187417,"AVENIDA TOLOSA"
"es1697a",41264,"o3","Ozone (air)","hour","ug.m-3",72930,"San Sebastián",187417,"AVENIDA TOLOSA"
"es1697a",41265,"o3","Ozone (air)","hour8","ug.m-3",76568,"San Sebastián",187417,"AVENIDA TOLOSA"
"es1697a",41266,"no2","Nitrogen dioxide (air)","day","ug.m-3",2842,"San Sebastián",187417,"AVENIDA TOLOSA"
"es1697a",41267,"no2","Nitrogen dioxide (air)","hour","ug.m-3",67521,"San Sebastián",187417,"AVENIDA TOLOSA"
"es1697a",41283,"pm2.5","Particulate matter < 2.5 µm (aerosol)","day","ug.m-3",481,"San Sebastián",187417,"AVENIDA TOLOSA"
"es1697a",41281,"pm2.5","Particulate matter < 2.5 µm (aerosol)","day","ug.m-3",275,"San Sebastián",187417,"AVENIDA TOLOSA"
"es1697a",41282,"pm2.5","Particulate matter < 2.5 µm (aerosol)","hour","ug.m-3",6438,"San Sebastián",187417,"AVENIDA TOLOSA"
"es1740a",119026,"o3","Ozone (air)","hour","ug.m-3",59764,"Pamplona",201653,"Plaza de la Cruz"
"es1740a",119025,"pm10","Particulate matter < 10 µm (aerosol)","hour","ug.m-3",42582,"Pamplona",201653,"Plaza de la Cruz"
"es1740a",41448,"pm10","Particulate matter < 10 µm (aerosol)","day","ug.m-3",2784,"Pamplona",201653,"Plaza de la Cruz"
"es1740a",41449,"pm10","Particulate matter < 10 µm (aerosol)","hour","ug.m-3",64429,"Pamplona",201653,"Plaza de la Cruz"
"es1740a",41450,"o3","Ozone (air)","day","ug.m-3",2784,"Pamplona",201653,"Plaza de la Cruz"
"es1740a",41451,"o3","Ozone (air)","dymax","ug.m-3",2793,"Pamplona",201653,"Plaza de la Cruz"
"es1740a",41452,"o3","Ozone (air)","hour","ug.m-3",64796,"Pamplona",201653,"Plaza de la Cruz"
"es1740a",41453,"o3","Ozone (air)","hour8","ug.m-3",65960,"Pamplona",201653,"Plaza de la Cruz"
"es1740a",41454,"no2","Nitrogen dioxide (air)","day","ug.m-3",2420,"Pamplona",201653,"Plaza de la Cruz"
"es1740a",41455,"no2","Nitrogen dioxide (air)","hour","ug.m-3",55712,"Pamplona",201653,"Plaza de la Cruz"
"es1740a",41464,"no","Nitrogen monoxide (air)","day","ug.m-3",2471,"Pamplona",201653,"Plaza de la Cruz"
"es1740a",41465,"no","Nitrogen monoxide (air)","hour","ug.m-3",57429,"Pamplona",201653,"Plaza de la Cruz"
"es1740a",41466,"no","Nitrogen monoxide (air)","day","ug.m-3",308,"Pamplona",201653,"Plaza de la Cruz"
"es1740a",41467,"no","Nitrogen monoxide (air)","hour","ug.m-3",6712,"Pamplona",201653,"Plaza de la Cruz"
"es1740a",119031,"no","Nitrogen monoxide (air)","hour","ug.m-3",50940,"Pamplona",201653,"Plaza de la Cruz"
"es1740a",119027,"no2","Nitrogen dioxide (air)","hour","ug.m-3",50940,"Pamplona",201653,"Plaza de la Cruz"
"es1834a",43315,"pm10","Particulate matter < 10 µm (aerosol)","day","ug.m-3",1775,"Castellón de la Plana",171728,"Patronat d'Esports"
"es1834a",43316,"o3","Ozone (air)","day","ug.m-3",2276,"Castellón de la Plana",171728,"Patronat d'Esports"
"es1834a",43317,"o3","Ozone (air)","dymax","ug.m-3",2277,"Castellón de la Plana",171728,"Patronat d'Esports"
"es1834a",43319,"o3","Ozone (air)","hour8","ug.m-3",53694,"Castellón de la Plana",171728,"Patronat d'Esports"
"es1834a",43320,"no2","Nitrogen dioxide (air)","day","ug.m-3",2218,"Castellón de la Plana",171728,"Patronat d'Esports"
"es1834a",43321,"no2","Nitrogen dioxide (air)","hour","ug.m-3",50588,"Castellón de la Plana",171728,"Patronat d'Esports"
"es1834a",43318,"o3","Ozone (air)","hour","ug.m-3",52745,"Castellón de la Plana",171728,"Patronat d'Esports"
"es1834a",43338,"no","Nitrogen monoxide (air)","hour","ug.m-3",50606,"Castellón de la Plana",171728,"Patronat d'Esports"
"es1834a",43344,"pm2.5","Particulate matter < 2.5 µm (aerosol)","day","ug.m-3",66,"Castellón de la Plana",171728,"Patronat d'Esports"
"es1834a",43345,"pm2.5","Particulate matter < 2.5 µm (aerosol)","day","ug.m-3",119,"Castellón de la Plana",171728,"Patronat d'Esports"
"es1834a",43337,"no","Nitrogen monoxide (air)","day","ug.m-3",2219,"Castellón de la Plana",171728,"Patronat d'Esports"
"es1834a",43314,"pm10","Particulate matter < 10 µm (aerosol)","day","ug.m-3",202,"Castellón de la Plana",171728,"Patronat d'Esports"
"es1834a",119868,"pm10","Particulate matter < 10 µm (aerosol)","day","ug.m-3",2145,"Castellón de la Plana",171728,"Patronat d'Esports"
"es1834a",119869,"o3","Ozone (air)","hour","ug.m-3",32591,"Castellón de la Plana",171728,"Patronat d'Esports"
"es1834a",119871,"no2","Nitrogen dioxide (air)","hour","ug.m-3",46232,"Castellón de la Plana",171728,"Patronat d'Esports"
"es1834a",119878,"no","Nitrogen monoxide (air)","hour","ug.m-3",23343,"Castellón de la Plana",171728,"Patronat d'Esports"
"es1834a",43346,"pm2.5","Particulate matter < 2.5 µm (aerosol)","day","ug.m-3",127,"Castellón de la Plana",171728,"Patronat d'Esports"
"es1836a",43363,"o3","Ozone (air)","day","ug.m-3",1603,"Zaragoza",674999,"LAS FUENTES"
"es1836a",43364,"o3","Ozone (air)","dymax","ug.m-3",1597,"Zaragoza",674999,"LAS FUENTES"
"es1836a",43365,"o3","Ozone (air)","hour","ug.m-3",37685,"Zaragoza",674999,"LAS FUENTES"
"es1836a",43368,"no2","Nitrogen dioxide (air)","hour","ug.m-3",8487,"Zaragoza",674999,"LAS FUENTES"
"es1836a",43367,"no2","Nitrogen dioxide (air)","day","ug.m-3",358,"Zaragoza",674999,"LAS FUENTES"
"es1836a",43366,"o3","Ozone (air)","hour8","ug.m-3",38015,"Zaragoza",674999,"LAS FUENTES"
"es1837a",43370,"o3","Ozone (air)","dymax","ug.m-3",1531,"Zaragoza",674997,"Centro"
"es1837a",43371,"o3","Ozone (air)","hour","ug.m-3",36450,"Zaragoza",674997,"Centro"
"es1837a",43369,"o3","Ozone (air)","day","ug.m-3",1532,"Zaragoza",674997,"Centro"
"es1837a",43374,"no2","Nitrogen dioxide (air)","hour","ug.m-3",7682,"Zaragoza",674997,"Centro"
"es1837a",43372,"o3","Ozone (air)","hour8","ug.m-3",36641,"Zaragoza",674997,"Centro"
"es1837a",43373,"no2","Nitrogen dioxide (air)","day","ug.m-3",326,"Zaragoza",674997,"Centro"
"es1849a",43521,"pm10","Particulate matter < 10 µm (aerosol)","day","ug.m-3",1591,"Elche",232517,"ELX-PARC DE BOMBERS"
"es1849a",43538,"no","Nitrogen monoxide (air)","day","ug.m-3",1661,"Elche",232517,"ELX-PARC DE BOMBERS"
"es1849a",43539,"no","Nitrogen monoxide (air)","hour","ug.m-3",38504,"Elche",232517,"ELX-PARC DE BOMBERS"
"es1849a",43545,"pm2.5","Particulate matter < 2.5 µm (aerosol)","day","ug.m-3",435,"Elche",232517,"ELX-PARC DE BOMBERS"
"es1849a",43546,"pm2.5","Particulate matter < 2.5 µm (aerosol)","hour","ug.m-3",7793,"Elche",232517,"ELX-PARC DE BOMBERS"
"es1849a",120009,"pm2.5","Particulate matter < 2.5 µm (aerosol)","day","ug.m-3",376,"Elche",232517,"ELX-PARC DE BOMBERS"
"es1849a",43524,"o3","Ozone (air)","hour","ug.m-3",44285,"Elche",232517,"ELX-PARC DE BOMBERS"
"es1849a",43525,"o3","Ozone (air)","hour8","ug.m-3",44672,"Elche",232517,"ELX-PARC DE BOMBERS"
"es1849a",43522,"o3","Ozone (air)","day","ug.m-3",1873,"Elche",232517,"ELX-PARC DE BOMBERS"
"es1849a",43523,"o3","Ozone (air)","dymax","ug.m-3",1875,"Elche",232517,"ELX-PARC DE BOMBERS"
"es1849a",119987,"pm10","Particulate matter < 10 µm (aerosol)","day","ug.m-3",1773,"Elche",232517,"ELX-PARC DE BOMBERS"
"es1849a",119988,"o3","Ozone (air)","hour","ug.m-3",59377,"Elche",232517,"ELX-PARC DE BOMBERS"
"es1849a",43526,"no2","Nitrogen dioxide (air)","day","ug.m-3",1661,"Elche",232517,"ELX-PARC DE BOMBERS"
"es1849a",43527,"no2","Nitrogen dioxide (air)","hour","ug.m-3",38504,"Elche",232517,"ELX-PARC DE BOMBERS"
"es1849a",119989,"no2","Nitrogen dioxide (air)","hour","ug.m-3",22533,"Elche",232517,"ELX-PARC DE BOMBERS"
"es1849a",119994,"no","Nitrogen monoxide (air)","hour","ug.m-3",22533,"Elche",232517,"ELX-PARC DE BOMBERS"
"es1912a",44384,"pm10","Particulate matter < 10 µm (aerosol)","hour","ug.m-3",1189,"Valencia",794289,"VALÈNCIA - AVD. FRANCIA"
"es1912a",44385,"o3","Ozone (air)","day","ug.m-3",1444,"Valencia",794289,"VALÈNCIA - AVD. FRANCIA"
"es1912a",44383,"pm10","Particulate matter < 10 µm (aerosol)","day","ug.m-3",50,"Valencia",794289,"VALÈNCIA - AVD. FRANCIA"
"es1912a",120470,"o3","Ozone (air)","hour","ug.m-3",58637,"Valencia",794289,"VALÈNCIA - AVD. FRANCIA"
"es1912a",120471,"no2","Nitrogen dioxide (air)","hour","ug.m-3",46185,"Valencia",794289,"VALÈNCIA - AVD. FRANCIA"
"es1912a",44386,"o3","Ozone (air)","dymax","ug.m-3",1445,"Valencia",794289,"VALÈNCIA - AVD. FRANCIA"
"es1912a",44387,"o3","Ozone (air)","hour","ug.m-3",34409,"Valencia",794289,"VALÈNCIA - AVD. FRANCIA"
"es1912a",44388,"o3","Ozone (air)","hour8","ug.m-3",34559,"Valencia",794289,"VALÈNCIA - AVD. FRANCIA"
"es1912a",44389,"no2","Nitrogen dioxide (air)","day","ug.m-3",1319,"Valencia",794289,"VALÈNCIA - AVD. FRANCIA"
"es1912a",44390,"no2","Nitrogen dioxide (air)","hour","ug.m-3",29687,"Valencia",794289,"VALÈNCIA - AVD. FRANCIA"
"es1912a",44397,"no","Nitrogen monoxide (air)","day","ug.m-3",1319,"Valencia",794289,"VALÈNCIA - AVD. FRANCIA"
"es1912a",44398,"no","Nitrogen monoxide (air)","hour","ug.m-3",29688,"Valencia",794289,"VALÈNCIA - AVD. FRANCIA"
"es1912a",44399,"pm2.5","Particulate matter < 2.5 µm (aerosol)","day","ug.m-3",50,"Valencia",794289,"VALÈNCIA - AVD. FRANCIA"
"es1912a",44400,"pm2.5","Particulate matter < 2.5 µm (aerosol)","hour","ug.m-3",1189,"Valencia",794289,"VALÈNCIA - AVD. FRANCIA"
"es1912a",120475,"no","Nitrogen monoxide (air)","hour","ug.m-3",46185,"Valencia",794289,"VALÈNCIA - AVD. FRANCIA"
"es1938a",44773,"pm10","Particulate matter < 10 µm (aerosol)","hour","ug.m-3",21676,"Madrid",3266133,"CASTELLANA"
"es1938a",44774,"no2","Nitrogen dioxide (air)","day","ug.m-3",943,"Madrid",3266133,"CASTELLANA"
"es1938a",44775,"no2","Nitrogen dioxide (air)","hour","ug.m-3",22531,"Madrid",3266133,"CASTELLANA"
"es1938a",44772,"pm10","Particulate matter < 10 µm (aerosol)","day","ug.m-3",913,"Madrid",3266133,"CASTELLANA"
"es1938a",120720,"pm10","Particulate matter < 10 µm (aerosol)","hour","ug.m-3",34790,"Madrid",3266133,"CASTELLANA"
"es1938a",120723,"no2","Nitrogen dioxide (air)","hour","ug.m-3",52342,"Madrid",3266133,"CASTELLANA"
"es1938a",120727,"no","Nitrogen monoxide (air)","hour","ug.m-3",52342,"Madrid",3266133,"CASTELLANA"
"es1938a",120729,"pm2.5","Particulate matter < 2.5 µm (aerosol)","hour","ug.m-3",51632,"Madrid",3266133,"CASTELLANA"
"es1938a",44781,"pm2.5","Particulate matter < 2.5 µm (aerosol)","hour","ug.m-3",21714,"Madrid",3266133,"CASTELLANA"
"es1938a",44778,"no","Nitrogen monoxide (air)","day","ug.m-3",943,"Madrid",3266133,"CASTELLANA"
"es1938a",44779,"no","Nitrogen monoxide (air)","hour","ug.m-3",22531,"Madrid",3266133,"CASTELLANA"
"es1938a",44780,"pm2.5","Particulate matter < 2.5 µm (aerosol)","day","ug.m-3",913,"Madrid",3266133,"CASTELLANA"
"es1940a",120739,"pm10","Particulate matter < 10 µm (aerosol)","hour","ug.m-3",33625,"Madrid",3266134,"PLAZA CASTILLA-CANAL"
"es1940a",120741,"no2","Nitrogen dioxide (air)","hour","ug.m-3",52187,"Madrid",3266134,"PLAZA CASTILLA-CANAL"
"es1940a",120745,"no","Nitrogen monoxide (air)","hour","ug.m-3",52187,"Madrid",3266134,"PLAZA CASTILLA-CANAL"
"es1940a",120747,"pm2.5","Particulate matter < 2.5 µm (aerosol)","hour","ug.m-3",50510,"Madrid",3266134,"PLAZA CASTILLA-CANAL"
"es1940a",44798,"no","Nitrogen monoxide (air)","day","ug.m-3",1026,"Madrid",3266134,"PLAZA CASTILLA-CANAL"
"es1940a",44799,"no","Nitrogen monoxide (air)","hour","ug.m-3",24401,"Madrid",3266134,"PLAZA CASTILLA-CANAL"
"es1940a",44800,"pm2.5","Particulate matter < 2.5 µm (aerosol)","day","ug.m-3",1024,"Madrid",3266134,"PLAZA CASTILLA-CANAL"
"es1940a",44801,"pm2.5","Particulate matter < 2.5 µm (aerosol)","hour","ug.m-3",24406,"Madrid",3266134,"PLAZA CASTILLA-CANAL"
"es1940a",44795,"no2","Nitrogen dioxide (air)","hour","ug.m-3",24405,"Madrid",3266134,"PLAZA CASTILLA-CANAL"
"es1940a",44792,"pm10","Particulate matter < 10 µm (aerosol)","day","ug.m-3",1026,"Madrid",3266134,"PLAZA CASTILLA-CANAL"
"es1940a",44793,"pm10","Particulate matter < 10 µm (aerosol)","hour","ug.m-3",24461,"Madrid",3266134,"PLAZA CASTILLA-CANAL"
"es1940a",44794,"no2","Nitrogen dioxide (air)","day","ug.m-3",1026,"Madrid",3266134,"PLAZA CASTILLA-CANAL"
"es1943a",44832,"o3","Ozone (air)","day","ug.m-3",1072,"Madrid",3266135,"PLAZA ELÍPTICA"
"es1943a",120770,"o3","Ozone (air)","hour","ug.m-3",52085,"Madrid",3266135,"PLAZA ELÍPTICA"
"es1943a",120771,"no2","Nitrogen dioxide (air)","hour","ug.m-3",52103,"Madrid",3266135,"PLAZA ELÍPTICA"
"es1943a",120776,"no","Nitrogen monoxide (air)","hour","ug.m-3",52103,"Madrid",3266135,"PLAZA ELÍPTICA"
"es1943a",44835,"o3","Ozone (air)","hour8","ug.m-3",25653,"Madrid",3266135,"PLAZA ELÍPTICA"
"es1943a",44836,"no2","Nitrogen dioxide (air)","day","ug.m-3",1071,"Madrid",3266135,"PLAZA ELÍPTICA"
"es1943a",44833,"o3","Ozone (air)","dymax","ug.m-3",1072,"Madrid",3266135,"PLAZA ELÍPTICA"
"es1943a",44834,"o3","Ozone (air)","hour","ug.m-3",25538,"Madrid",3266135,"PLAZA ELÍPTICA"
"es1943a",44845,"no","Nitrogen monoxide (air)","hour","ug.m-3",25497,"Madrid",3266135,"PLAZA ELÍPTICA"
"es1943a",44837,"no2","Nitrogen dioxide (air)","hour","ug.m-3",25497,"Madrid",3266135,"PLAZA ELÍPTICA"
"es1943a",44844,"no","Nitrogen monoxide (air)","day","ug.m-3",1071,"Madrid",3266135,"PLAZA ELÍPTICA"
"es1970a",45186,"no","Nitrogen monoxide (air)","day","ug.m-3",788,"Valencia",794290,"VALÈNCIA - BULEVARD SUD"
"es1970a",45175,"no2","Nitrogen dioxide (air)","hour","ug.m-3",18250,"Valencia",794290,"VALÈNCIA - BULEVARD SUD"
"es1970a",45169,"pm10","Particulate matter < 10 µm (aerosol)","day","ug.m-3",484,"Valencia",794290,"VALÈNCIA - BULEVARD SUD"
"es1970a",45170,"o3","Ozone (air)","day","ug.m-3",712,"Valencia",794290,"VALÈNCIA - BULEVARD SUD"
"es1970a",45171,"o3","Ozone (air)","dymax","ug.m-3",714,"Valencia",794290,"VALÈNCIA - BULEVARD SUD"
"es1970a",45172,"o3","Ozone (air)","hour","ug.m-3",16628,"Valencia",794290,"VALÈNCIA - BULEVARD SUD"
"es1970a",45173,"o3","Ozone (air)","hour8","ug.m-3",16855,"Valencia",794290,"VALÈNCIA - BULEVARD SUD"
"es1970a",45174,"no2","Nitrogen dioxide (air)","day","ug.m-3",788,"Valencia",794290,"VALÈNCIA - BULEVARD SUD"
"es1970a",45187,"no","Nitrogen monoxide (air)","hour","ug.m-3",18249,"Valencia",794290,"VALÈNCIA - BULEVARD SUD"
"es1970a",120964,"no","Nitrogen monoxide (air)","hour","ug.m-3",47289,"Valencia",794290,"VALÈNCIA - BULEVARD SUD"
"es1970a",120961,"no2","Nitrogen dioxide (air)","hour","ug.m-3",47288,"Valencia",794290,"VALÈNCIA - BULEVARD SUD"
"es1970a",120958,"pm10","Particulate matter < 10 µm (aerosol)","day","ug.m-3",1766,"Valencia",794290,"VALÈNCIA - BULEVARD SUD"
"es1970a",120959,"o3","Ozone (air)","hour","ug.m-3",34923,"Valencia",794290,"VALÈNCIA - BULEVARD SUD"
"es1999a",45616,"no","Nitrogen monoxide (air)","day","ug.m-3",364,"Girona",101852,"Girona (Escola de Música)"
"es1999a",45617,"no","Nitrogen monoxide (air)","hour","ug.m-3",8639,"Girona",101852,"Girona (Escola de Música)"
"es1999a",45608,"no2","Nitrogen dioxide (air)","hour","ug.m-3",8491,"Girona",101852,"Girona (Escola de Música)"
"es1999a",45607,"no2","Nitrogen dioxide (air)","day","ug.m-3",358,"Girona",101852,"Girona (Escola de Música)"
"es1999a",121247,"no","Nitrogen monoxide (air)","hour","ug.m-3",50911,"Girona",101852,"Girona (Escola de Música)"
"es1999a",121242,"no2","Nitrogen dioxide (air)","hour","ug.m-3",50878,"Girona",101852,"Girona (Escola de Música)"
"es1999a",121241,"pm10","Particulate matter < 10 µm (aerosol)","day","ug.m-3",1149,"Girona",101852,"Girona (Escola de Música)"
"es2010a",45751,"no2","Nitrogen dioxide (air)","day","ug.m-3",630,"Valladolid",298415,"LA RUBIA II"
"es2010a",45752,"no2","Nitrogen dioxide (air)","hour","ug.m-3",14769,"Valladolid",298415,"LA RUBIA II"
"es2010a",45750,"pm10","Particulate matter < 10 µm (aerosol)","hour","ug.m-3",15154,"Valladolid",298415,"LA RUBIA II"
"es2010a",45761,"pm2.5","Particulate matter < 2.5 µm (aerosol)","day","ug.m-3",366,"Valladolid",298415,"LA RUBIA II"
"es2010a",45762,"pm2.5","Particulate matter < 2.5 µm (aerosol)","hour","ug.m-3",7659,"Valladolid",298415,"LA RUBIA II"
"es2010a",45759,"no","Nitrogen monoxide (air)","day","ug.m-3",630,"Valladolid",298415,"LA RUBIA II"
"es2010a",45760,"no","Nitrogen monoxide (air)","hour","ug.m-3",14769,"Valladolid",298415,"LA RUBIA II"
"es2010a",45749,"pm10","Particulate matter < 10 µm (aerosol)","day","ug.m-3",634,"Valladolid",298415,"LA RUBIA II"
"es2010a",121326,"pm10","Particulate matter < 10 µm (aerosol)","hour","ug.m-3",51593,"Valladolid",298415,"LA RUBIA II"
"es2010a",121327,"no2","Nitrogen dioxide (air)","hour","ug.m-3",49178,"Valladolid",298415,"LA RUBIA II"
"es2010a",121330,"no","Nitrogen monoxide (air)","hour","ug.m-3",49179,"Valladolid",298415,"LA RUBIA II"
"es2010a",121331,"pm2.5","Particulate matter < 2.5 µm (aerosol)","hour","ug.m-3",44678,"Valladolid",298415,"LA RUBIA II"
"es2028a",121446,"pm10","Particulate matter < 10 µm (aerosol)","hour","ug.m-3",50824,"Getafe",183374,"Getafe"
"es2028a",121447,"o3","Ozone (air)","hour","ug.m-3",50808,"Getafe",183374,"Getafe"
"es2028a",121448,"no2","Nitrogen dioxide (air)","hour","ug.m-3",50755,"Getafe",183374,"Getafe"
"es2028a",121452,"no","Nitrogen monoxide (air)","hour","ug.m-3",50751,"Getafe",183374,"Getafe"
"es2030a",121465,"pm10","Particulate matter < 10 µm (aerosol)","day","ug.m-3",287,"Marbella",143386,"MARBELLA ARCO"
"es2030a",121467,"o3","Ozone (air)","hour","ug.m-3",42934,"Marbella",143386,"MARBELLA ARCO"
"es2030a",121468,"no2","Nitrogen dioxide (air)","hour","ug.m-3",41302,"Marbella",143386,"MARBELLA ARCO"
"es2030a",121472,"no","Nitrogen monoxide (air)","hour","ug.m-3",41299,"Marbella",143386,"MARBELLA ARCO"
"es2030a",121477,"pm2.5","Particulate matter < 2.5 µm (aerosol)","day","ug.m-3",1035,"Marbella",143386,"MARBELLA ARCO"
"es2031a",121478,"no2","Nitrogen dioxide (air)","hour","ug.m-3",47216,"Málaga",574654,"Avenida Juan XXXIII"
"es2031a",121483,"no","Nitrogen monoxide (air)","hour","ug.m-3",47216,"Málaga",574654,"Avenida Juan XXXIII"
"es2042a",121541,"o3","Ozone (air)","hour","ug.m-3",48608,"Valladolid",298413,"VALLADOLID SUR"
"es2047a",121552,"pm10","Particulate matter < 10 µm (aerosol)","day","ug.m-3",286,"Córdoba",325701,"Avenida Al Nasir"
"es2047a",121553,"no2","Nitrogen dioxide (air)","hour","ug.m-3",40903,"Córdoba",325701,"Avenida Al Nasir"
"es2047a",121559,"no","Nitrogen monoxide (air)","hour","ug.m-3",40903,"Córdoba",325701,"Avenida Al Nasir"
